id,username,created_at,lng,lat,text,,,,,,,,,,,,,,,,,,,,,,,,,
1.52E+18,Olav25305812,Fri Apr 22 05:35:22 +0000 2022,7.1408765,50.3872335,@maybritillner,,,,Krieg,ist,kriegerische,Rhetorik,falsch?Den,Sieg,,"Ukraine,",d.h.,den,Bestand,der,Ukr‚Ä¶,https://t.co/XrjWKUWQTW,,,,,,,,
1.52E+18,CalDisasters,Fri Apr 22 05:36:23 +0000 2022,-119.3066075,37.2691755,Nothing,,,,of,an,#Orc,tank,burning,in,,morning.,#Russians,#RussoUkrainianWar,#Ukraine,#Russia,,,,,,,,,,
1.52E+18,jacklaffey,Fri Apr 22 05:36:53 +0000 2022,-4.2417515,55.8583025,HahahaThe,,,,gmb,begging,for,money,to,fly,,in,UkraineNot,tactical,drones,toy,fucking,onesü•¥Gar‚Ä¶,https://t.co/s7kMbKFG0T,,,,,,,
1.52E+18,MaureenReichel1,Fri Apr 22 05:37:02 +0000 2022,-151.1207935,60.4847065,@chefjoseandres,,,,for,the,people,of,Ukraine!,We,,let,them,starve!,WE,CAN'T!,üò¢üôèüôè‚ù§üôèüôè‚ù§üôèüôè,,,,,,,,,
1.52E+18,Cakide1,Fri Apr 22 05:37:11 +0000 2022,-1.3668675,53.4330035,America,,,,Dead,https://t.co/mTYANr25Uu,,,,,,,,,,,,,,,,,,,,
1.52E+18,lmv6719,Fri Apr 22 05:37:34 +0000 2022,-79.403548,44.1434035,Oh,,,,life.,He‚Äôs,had,to,fly,to,,"meetings,",and,the,EU,because,of,the,Russian,war,on,Ukraine.,I,think,he‚Ä¶,https://t.co/V1kA6TjUKm
1.52E+18,CalDisasters,Fri Apr 22 05:37:49 +0000 2022,-119.3066075,37.2691755,#OrcKebobs,,,,,,,,,,,,,,,,,,,,,,,,,
1.52E+18,seanrubinsztein,Fri Apr 22 05:37:54 +0000 2022,31.181446,48.382929,ICYMI,,,,underground,"cities,",courageous,civilians,and,cruel,,tactics.We,visited,Ukraine‚Äôs,second‚Ä¶,https://t.co/zH4ZaBsaF7,,,,,,,,,,
1.52E+18,EEStatistic,Fri Apr 22 05:38:16 +0000 2022,21.06179,52.2328355,Godzina,,,,miny,dzie≈Ñ,i,"noc,",nale≈ºy,siƒô,,#Ukraine‚Ä¶,https://t.co/ngdql3GzBt,,,,,,,,,,,,,
1.52E+18,BendlerBlogger,Fri Apr 22 05:38:22 +0000 2022,8.2485705,50.072868,Ich,,,,,,,,,,,,,,,,,,,,,,,,,
1.52E+18,StuartDowell_,Fri Apr 22 05:39:33 +0000 2022,21.06179,52.2328355,This,,,,A,peaceful resolution,means,Russian,occupation,of,,of,"Ukraine,",which,in,turn,means,every‚Ä¶,https://t.co/yY3XomFVHV,,,,,,,
1.52E+18,JohnReid16,Fri Apr 22 05:39:47 +0000 2022,176.868864,-39.479329,@McFaul,,,,of,the,world,accepts,that,the,,campaign,in,Ukraine,was,an,unprovoked,attack,on,a,neighb‚Ä¶,https://t.co/j96859rcBE,,,,
1.52E+18,yannigg,Fri Apr 22 05:39:58 +0000 2022,2.457877,48.891758,Ce,,,,avec,les,animaux,me,"frappe,",me,,dans,de,nombreuses,images,de,cette,guerre,:,les,chats‚Ä¶,https://t.co/j7BohDP2r0,,,,
1.52E+18,MaxBelovKh,Fri Apr 22 05:40:23 +0000 2022,31.181446,48.382929,Two,,,,fire,in,this,car!,#Kharkiv,#StopWarInUkraine,,#StopRussia,#war,#WARINUKRAINE‚Ä¶,https://t.co/pALBbGMVqA,,,,,,,,,,,
1.52E+18,epmccom,Fri Apr 22 05:40:32 +0000 2022,-115.223125,36.232915,https://t.co/0S6Qn2MqnATRY,,,,PUTIN,IS,INSANE,WILL,USE,NUCLEAR,,IF,HE,IS,BACK,IN,A,CORNER,SO‚Ä¶,https://t.co/sYtAc5DOLu,,,,,,
1.52E+18,epmccom,Fri Apr 22 05:41:22 +0000 2022,-115.223125,36.232915,@NBCNews,,,,VLADIMIR,PUTIN,IS,INSANE,WILL,USE,,WEAPONS,IF,HE,IS,BACK,IN,A‚Ä¶,https://t.co/RWvn38umk1,,,,,,,
1.52E+18,nicnowak,Fri Apr 22 05:41:23 +0000 2022,6.891947,51.318181,@k_kaskeline,,,,"NO""ein",baldiges,"Ende,",WIE,IMMER,"GEARTET""",,explizit‚Ä¶,https://t.co/9PXVt3AD3b,,,,,,,,,,,,,
1.52E+18,epmccom,Fri Apr 22 05:41:33 +0000 2022,-115.223125,36.232915,@seanhannity,,,,VLADIMIR,PUTIN,IS,INSANE,WILL,USE,,WEAPONS,IF,HE,IS,BACK,I‚Ä¶,https://t.co/ciqI7rUVkQ,,,,,,,,
1.52E+18,RodneyS97356223,Fri Apr 22 05:42:04 +0000 2022,-79.2725695,43.629311,@FinancialTimes,,,,Russia,was,not,in,the,Ukraine,,Belorussian,according,to,Sherlock,Holmes's,Houn‚Ä¶ https://t.co/oz8l3xmshZ,,,,,,,,,
1.52E+18,dullycotton_14,Fri Apr 22 05:42:35 +0000 2022,39.220616,-6.1808625,BENKI,,,,NCHINI,UKRAINE,UMESABABISHA,HASARA,YA,DOLA,,60Ukraine,imepata,hasara,ya,Dola,Bilion‚Ä¶,https://t.co/1xucGcHbar,,,,,,,,
1.52E+18,epmccom,Fri Apr 22 05:42:48 +0000 2022,-115.223125,36.232915,@RepGregStanton,,,,VLADIMIR,PUTIN,IS,INSANE,WILL,USE,,WEAPONS,IF,HE,IS,BAC‚Ä¶,https://t.co/bTaK5UU0mg,,,,,,,,,
1.52E+18,epmccom,Fri Apr 22 05:42:59 +0000 2022,-115.223125,36.232915,@RepDavidTrone,,,,VLADIMIR,PUTIN,IS,INSANE,WILL,USE,,WEAPONS,IF,HE,IS,BACK‚Ä¶,https://t.co/8kQ8waquG2,,,,,,,,,
1.52E+18,epmccom,Fri Apr 22 05:43:08 +0000 2022,-115.223125,36.232915,@RepSylviaGarcia,,,,VLADIMIR,PUTIN,IS,INSANE,WILL,USE,,WEAPONS,IF,HE,IS,BA‚Ä¶,https://t.co/t1lwcpweaI,,,,,,,,,
1.52E+18,epmccom,Fri Apr 22 05:43:17 +0000 2022,-115.223125,36.232915,@RepDotieJoseph,,,,VLADIMIR,PUTIN,IS,INSANE,WILL,USE,,WEAPONS,IF,HE,IS,BAC‚Ä¶,https://t.co/dZJ0iIaEkY,,,,,,,,,
1.52E+18,DJMICHAELKNIGHT,Fri Apr 22 05:43:24 +0000 2022,-122.455344,47.2429605,Joe,,,,losing,it,and,me.,,,,,,,,,,,,,,,,,,
1.52E+18,epmccom,Fri Apr 22 05:43:26 +0000 2022,-115.223125,36.232915,@AnnaForFlorida,,,,VLADIMIR,PUTIN,IS,INSANE,WILL,USE,,WEAPONS,IF,HE,IS,BAC‚Ä¶,https://t.co/C9l8z2RRmh,,,,,,,,,
1.52E+18,ateamservice,Fri Apr 22 05:43:31 +0000 2022,-61.211783,10.700476,Talk,,,,the,Grammy's,or,Oscar's,but,hey,,only,Ukraine,going,through,this,Afghanistan,has,been,in,war‚Ä¶,https://t.co/c7lKDBj8kG,,,,
1.52E+18,epmccom,Fri Apr 22 05:43:47 +0000 2022,-115.223125,36.232915,@RepTedLieu,,,,VLADIMIR,PUTIN,IS,INSANE,WILL,USE,,WEAPONS,IF,HE,IS,BACK,IN‚Ä¶,https://t.co/0SqdDHRDlv,,,,,,,,
1.52E+18,vegasdude83,Fri Apr 22 05:43:53 +0000 2022,-115.223125,36.232915,Are,,,,much,money,on,aid,for,Ukraine,,feels,like,mthe,US,&amp;,Russia,are,fighting,a,war,through,them?,,,
1.52E+18,Padrinxx,Fri Apr 22 05:43:59 +0000 2022,36.86362,-1.2748635,At,,,,should,just,give,up,it‚Äôs,not,,late.,US,umekuchocha,ugeizie,bro,wako,mbigi.,NATO,wako,wapi?‚Ä¶,https://t.co/85qBdgeyDk,,,,
1.52E+18,epmccom,Fri Apr 22 05:44:02 +0000 2022,-115.223125,36.232915,@OlgaNYC1211,,,,VLADIMIR,PUTIN,IS,INSANE,WILL,USE,,WEAPONS,IF,HE,IS,BACK,I‚Ä¶,https://t.co/HTo9ll9LQW,,,,,,,,
1.52E+18,melora72,Fri Apr 22 05:44:27 +0000 2022,-117.000734,46.7347065,@themankhosi,,,,mean,Tucker,Carlson,and,Fox,News?,,Trump?,They,spew,Russian,prop‚Ä¶,https://t.co/Aush8FpxP7,,,,,,,,,
1.52E+18,epmccom,Fri Apr 22 05:44:29 +0000 2022,-115.223125,36.232915,@JeffJacksonNC,,,,VLADIMIR,PUTIN,IS,INSANE,WILL,USE,,WEAPONS,IF,HE,IS,BACK‚Ä¶,https://t.co/AMrCLriowS,,,,,,,,,
1.52E+18,ConnyLipp,Fri Apr 22 05:44:39 +0000 2022,7.181479,53.582004,#Scholz:6Wenn,,,,liest:,versteht,man,(hier:ich!),undseren,Kanzler,,erst,recht,nicht,mit,seinem,Z√∂g‚Ä¶,https://t.co/M1VZhXIclL,,,,,,,,
1.52E+18,epmccom,Fri Apr 22 05:44:40 +0000 2022,-115.223125,36.232915,@DanRather,,,,VLADIMIR,PUTIN,IS,INSANE,WILL,USE,,WEAPONS,IF,HE,IS,BACK,IN‚Ä¶,https://t.co/B2UU3GDbF9,,,,,,,,
1.52E+18,AlFitZ0,Fri Apr 22 05:44:42 +0000 2022,6.784844,6.1371965,@DahkDutch,,,,"contrary,","Feminazis,",trans,"people,","PETA,",people,,think,wars,in,Africa,&amp;,middle,east‚Ä¶,https://t.co/YMjICSlRfY,,,,,,,
1.52E+18,CalDisasters,Fri Apr 22 05:44:47 +0000 2022,-119.3066075,37.2691755,#Donetsk,,,,#Russia,,,,,,,,,,,,,,,,,,,,,
1.52E+18,epmccom,Fri Apr 22 05:44:59 +0000 2022,-115.223125,36.232915,@CoryBooker,,,,VLADIMIR,PUTIN,IS,INSANE,WILL,USE,,WEAPONS,IF,HE,IS,BACK,IN‚Ä¶,https://t.co/fvfLd0xmoY,,,,,,,,
1.52E+18,SJpapabear,Fri Apr 22 05:45:10 +0000 2022,7.1165865,50.7034715,Bonn,,,,#StopWarInUkraine,https://t.co/OXkTJKwnbE,,,,,,,,,,,,,,,,,,,,
1.52E+18,epmccom,Fri Apr 22 05:45:22 +0000 2022,-115.223125,36.232915,@SecBlinken,,,,VLADIMIR,PUTIN,IS,INSANE,WILL,USE,,WEAPONS,IF,HE,IS,BACK,IN‚Ä¶,https://t.co/47O5rttWip,,,,,,,,
1.52E+18,epmccom,Fri Apr 22 05:45:34 +0000 2022,-115.223125,36.232915,@SecGranholm,,,,VLADIMIR,PUTIN,IS,INSANE,WILL,USE,,WEAPONS,IF,HE,IS,BACK,I‚Ä¶,https://t.co/IXXOtR2oWD,,,,,,,,
1.52E+18,epmccom,Fri Apr 22 05:45:47 +0000 2022,-115.223125,36.232915,@SecRaimondo,,,,VLADIMIR,PUTIN,IS,INSANE,WILL,USE,,WEAPONS,IF,HE,IS,BACK,I‚Ä¶,https://t.co/za2wejLWh0,,,,,,,,
1.52E+18,epmccom,Fri Apr 22 05:46:02 +0000 2022,-115.223125,36.232915,@SecMartyWalsh,,,,VLADIMIR,PUTIN,IS,INSANE,WILL,USE,,WEAPONS,IF,HE,IS,BACK‚Ä¶,https://t.co/PNYwDrxJYm,,,,,,,,,
1.52E+18,Educatorlouisfx,Fri Apr 22 05:46:10 +0000 2022,-100.0768885,31.1688935,@pixnobody,,,,we,all,are,hoping,on,right,,they,really,care,about,the,massive,unemployment,and,reti‚Ä¶,https://t.co/8urERQjw5k,,,,,
1.52E+18,epmccom,Fri Apr 22 05:46:16 +0000 2022,-115.223125,36.232915,@SecDef,,,,VLADIMIR,PUTIN,IS,INSANE,WILL,USE,,WEAPONS,IF,HE,IS,BACK,IN,A,C‚Ä¶,https://t.co/HduyMHj3Zn,,,,,,
1.52E+18,DavidAlanBlowe4,Fri Apr 22 05:46:21 +0000 2022,-77.418002,39.4320365,Or,,,,Joe,(,aka,mr,Magoo),0.81,,votes‚Ä¶.sure,And,Epstein,hung,him,self,,,,,,,,,
1.52E+18,pabsara,Fri Apr 22 05:46:23 +0000 2022,-113.4926175,53.5558195,https://t.co/OSxTx20Lax,,,,,,,,,,,,,,,,,,,,,,,,,
1.52E+18,VOAYYH,Fri Apr 22 05:46:27 +0000 2022,-77.036562,38.897804,ÁÇ∫ÁæéÂúã‰πãÈü≥,,,,@news_cts,Â†±Â∞é,#ÊãúÁôª,ÁôΩÂÆÆË¶ãÁÉèÂÖãËò≠Á∏ΩÁêÜÔºåÊì¥Â§ßÂ∞çÁÉèËªç‰∫ãÁ∂ìÊøüÊè¥Âä©ÔºåÈßÅÊñ•,#ÊôÆ‰∫¨,Ëß£Êîæ,,Ë™™Ê≥ï„ÄÇReported,for,affiliate,#CTS,Bide‚Ä¶,https://t.co/JYEriuAWvR,,,,,,,,,
1.52E+18,epmccom,Fri Apr 22 05:46:30 +0000 2022,-115.223125,36.232915,@SecBecerra,,,,VLADIMIR,PUTIN,IS,INSANE,WILL,USE,,WEAPONS,IF,HE,IS,BACK,IN‚Ä¶,https://t.co/VHF6nTxXzu,,,,,,,,
1.52E+18,LiziKernNews,Fri Apr 22 05:46:38 +0000 2022,-119.7824645,36.786042,California-based,,,,the,drone,-,120,are,being,,to,"Ukraine.More:""Mystery",drone:,How,th‚Ä¶,https://t.co/B5w4YJDbwA,,,,,,,,,
1.52E+18,epmccom,Fri Apr 22 05:46:49 +0000 2022,-115.223125,36.232915,@TIME,,,,VLADIMIR,PUTIN,IS,INSANE,WILL,USE,,WEAPONS,IF,HE,IS,BACK,IN,A,COR‚Ä¶,https://t.co/Bs1wOK4bKz,,,,,,
1.52E+18,epmccom,Fri Apr 22 05:47:02 +0000 2022,-115.223125,36.232915,@guardian,,,,VLADIMIR,PUTIN,IS,INSANE,WILL,USE,,WEAPONS,IF,HE,IS,BACK,IN,A‚Ä¶,https://t.co/26bOAr08dK,,,,,,,
1.52E+18,epmccom,Fri Apr 22 05:47:16 +0000 2022,-115.223125,36.232915,@johncusack,,,,VLADIMIR,PUTIN,IS,INSANE,WILL,USE,,WEAPONS,IF,HE,IS,BACK,IN‚Ä¶,https://t.co/kU8b6hGeRs,,,,,,,,
1.52E+18,epmccom,Fri Apr 22 05:47:26 +0000 2022,-115.223125,36.232915,@AP,,,,VLADIMIR,PUTIN,IS,INSANE,WILL,USE,,WEAPONS,IF,HE,IS,BACK,IN,A,CORNE‚Ä¶,https://t.co/adX1uCXv2N,,,,,,
1.52E+18,epmccom,Fri Apr 22 05:47:36 +0000 2022,-115.223125,36.232915,@nytimes,,,,VLADIMIR,PUTIN,IS,INSANE,WILL,USE,,WEAPONS,IF,HE,IS,BACK,IN,A‚Ä¶,https://t.co/xxnUBnyM6j,,,,,,,
1.52E+18,epmccom,Fri Apr 22 05:47:46 +0000 2022,-115.223125,36.232915,@NBCNews,,,,VLADIMIR,PUTIN,IS,INSANE,WILL,USE,,WEAPONS,IF,HE,IS,BACK,IN,A‚Ä¶,https://t.co/8U8AhS9kly,,,,,,,
1.52E+18,epmccom,Fri Apr 22 05:48:00 +0000 2022,-115.223125,36.232915,@McFaul,,,,VLADIMIR,PUTIN,IS,INSANE,WILL,USE,,WEAPONS,IF,HE,IS,BACK,IN,A,C‚Ä¶,https://t.co/m6IKbZu2TP,,,,,,
1.52E+18,Clint_Crabtree1,Fri Apr 22 05:48:21 +0000 2022,-92.4367735,38.3045585,#Putin,,,,#JoshHawleyRussianAsset,,,,,,,,,,,,,,,,,,,,,
1.52E+18,epmccom,Fri Apr 22 05:48:24 +0000 2022,-115.223125,36.232915,@ukraine_world,,,,VLADIMIR,PUTIN,IS,INSANE,WILL,USE,,WEAPONS,IF,HE,IS,BACK‚Ä¶,https://t.co/H05kVQKfOl,,,,,,,,,
1.52E+18,epmccom,Fri Apr 22 05:48:36 +0000 2022,-115.223125,36.232915,@SenTedCruz,,,,VLADIMIR,PUTIN,IS,INSANE,WILL,USE,,WEAPONS,IF,HE,IS,BACK,IN‚Ä¶,https://t.co/sFJl4cohKv,,,,,,,,
1.52E+18,merapi22,Fri Apr 22 05:48:41 +0000 2022,9.335554,48.740966,@NZZde,,,,"LKW,",14,"Panzer,",13,Flugzeuge,schenkte,,USA,von,1942-45,Russland,um‚Ä¶,https://t.co/6SLJRLqe1b,,,,,,,,,
1.52E+18,epmccom,Fri Apr 22 05:48:45 +0000 2022,-115.223125,36.232915,@GeorgeTakei,,,,VLADIMIR,PUTIN,IS,INSANE,WILL,USE,,WEAPONS,IF,HE,IS,BACK,I‚Ä¶,https://t.co/wAQKv0hObI,,,,,,,,
1.52E+18,maazel_de,Fri Apr 22 05:48:51 +0000 2022,7.4703055,51.5077235,Guten,,,,,,,,,,,,,,,,,,,,,,,,,
1.52E+18,lindamary,Fri Apr 22 05:48:52 +0000 2022,6.357839,46.2645095,Save,,,,on,Russian,"energy,",support,Ukraine,and,,the,planet,https://t.co/8RUUv3DXke,,,,,,,,,,,,
1.52E+18,epmccom,Fri Apr 22 05:49:15 +0000 2022,-115.223125,36.232915,@DefenceU,,,,VLADIMIR,PUTIN,IS,INSANE,WILL,USE,,WEAPONS,IF,HE,IS,BACK,IN,A‚Ä¶,https://t.co/4YKHCCdEoL,,,,,,,
1.52E+18,stevpm,Fri Apr 22 05:49:18 +0000 2022,39.2823905,-6.8788115,Hapa,,,,üòÉ,,,,,,,,,,,,,,,,,,,,,
1.52E+18,epmccom,Fri Apr 22 05:49:28 +0000 2022,-115.223125,36.232915,@Ukraine,,,,VLADIMIR,PUTIN,IS,INSANE,WILL,USE,,WEAPONS,IF,HE,IS,BACK,IN,A‚Ä¶,https://t.co/CZmaeO0zGR,,,,,,,
1.52E+18,epmccom,Fri Apr 22 05:49:39 +0000 2022,-115.223125,36.232915,@10DowningStreet,,,,VLADIMIR,PUTIN,IS,INSANE,WILL,USE,,WEAPONS,IF,HE,IS,BA‚Ä¶,https://t.co/wodXzkaoHo,,,,,,,,,
1.52E+18,tkntobi,Fri Apr 22 05:49:42 +0000 2022,139.516665,35.833063,„Ç¶„ÇØ„É©„Ç§„Éäüá∫üá¶color„ÅßZ„Åå„Å≤„Å£„Åè„ÇäËøî„Å£„ÅüN„ÇíË≤∑„Å£„Åü#Ukraine,,,,,,,,,,,,,,,,,,,,,,,,,
1.52E+18,epmccom,Fri Apr 22 05:49:55 +0000 2022,-115.223125,36.232915,@ResistUA,,,,VLADIMIR,PUTIN,IS,INSANE,WILL,USE,,WEAPONS,IF,HE,IS,BACK,IN,A‚Ä¶,https://t.co/T9RuZnshIW,,,,,,,
1.52E+18,MayamuyeDzimba,Fri Apr 22 05:49:59 +0000 2022,28.060613,-26.058708,@SongezoZibi,,,,nyimpi,everyhere...,"Afghanistan,","Syria,","Palestine,",Yemen,,in,Ukraine...,Who,are,the,architecturers?,,,,,,,,,
1.52E+18,epmccom,Fri Apr 22 05:50:08 +0000 2022,-115.223125,36.232915,@InvestorHumbl,,,,VLADIMIR,PUTIN,IS,INSANE,WILL,USE,,WEAPONS,IF,HE,IS,BACK‚Ä¶,https://t.co/MEuHCJsmcH,,,,,,,,,
1.52E+18,epmccom,Fri Apr 22 05:50:27 +0000 2022,-115.223125,36.232915,@CanadianUkrain1,,,,VLADIMIR,PUTIN,IS,INSANE,WILL,USE,,WEAPONS,IF,HE,IS,BA‚Ä¶,https://t.co/uXzZVDHsBB,,,,,,,,,
1.52E+18,teragramus,Fri Apr 22 05:50:49 +0000 2022,-122.14403,37.414371,@kurtisalee,,,,lol..latimes,on,ukraine,,,,,,,,,,,,,,,,,,,
1.52E+18,Shubham285354,Fri Apr 22 05:54:21 +0000 2022,85.8112985,25.9041185,@kassan9155,,,,me,one,reason,why,India,will,,Ukraine??,They,always,voted,again‚Ä¶,https://t.co/mt4BIgIM51,,,,,,,,,
1.52E+18,LENAWIL55004729,Fri Apr 22 05:54:24 +0000 2022,-96.7349005,33.0612425,@doxie53,,,,world,that,we,once,had,doesn't,,anymore.,Countries,are,dragging,their,feet,when,it,com‚Ä¶,https://t.co/4QHCWFwakD,,,,,
1.52E+18,kareninovich,Fri Apr 22 05:54:46 +0000 2022,1.868862,50.9527485,cette,,,,fait,des,cauchemars,en,Ukraine,,,,,,,,,,,,,,,,,
1.52E+18,MarianMatys,Fri Apr 22 05:55:33 +0000 2022,14.5517825,50.9526725,Nƒõmecko,,,,zklam√°n√≠,co,jsem,mezi,zemƒõmi,vidƒõl.,,mil,je,√∫plnƒõ,k,"sm√≠chu,",nebo,"pl√°ƒçi,",tƒõ≈æko,≈ô√≠c‚Ä¶,https://t.co/aV25awiaL0,,,,,
1.52E+18,Stone_SkyNews,Fri Apr 22 05:55:43 +0000 2022,31.181446,48.382929,In,,,,an,old,man,called,Mikhaelo,and,,wife,Maria.,Only,when,I,got,"closer,",I,noticed,he,had,tears,rol‚Ä¶,https://t.co/wWlMFdd1YP,
1.52E+18,samurai_antonio,Fri Apr 22 05:55:43 +0000 2022,-98.5406515,29.417501,@OgouBadagris,,,,By,supplying,Ukraine,with,internet,he's,,his,concept,has,r‚Ä¶,https://t.co/CoNRHVFyLj,,,,,,,,,,
1.52E+18,Kalomel2012,Fri Apr 22 05:56:08 +0000 2022,7.0591345,49.3829855,@farfallecoder,,,,es!,Was,heisst,hier,V√∂lkerrecht?,Das,,Putin,scheisst,da,drauf!,Man,darf‚Ä¶,https://t.co/nwYDjw7Ezj,,,,,,,,
1.52E+18,NathalieLoiseau,Fri Apr 22 05:56:25 +0000 2022,2.347003,48.8588335,La,,,,solidaire,de,l‚ÄôUkraine,et,connaissant,parfaitement,,risque,"russe,",souhai‚Ä¶,https://t.co/0QMNlOsuNm,,,,,,,,,,,
1.52E+18,rdsathene,Fri Apr 22 05:56:42 +0000 2022,-118.4119065,34.0207895,There's,,,,dying,in,the,streets,of,Los,,and,this,monster,keeps,sending,money,to,Nazis.‚Ä¶,https://t.co/kzHUyZFgf3,,,,,,
1.52E+18,CioniNicole,Fri Apr 22 05:57:09 +0000 2022,2.457877,48.891758,@sardine33000,,,,",on",pense,√†,l,Ukraine.bonne,journ√©e,,,,,,,,,,,,,,,,
1.52E+18,federicoalves,Fri Apr 22 05:57:17 +0000 2022,-83.804475,27.698682,Stalin,,,,,,,,,,,,,,,,,,,,,,,,,
1.52E+18,bephillip33,Fri Apr 22 05:58:33 +0000 2022,-76.908404,38.7503225,https://t.co/0zHhn7oLHP,,,,,,,,,,,,,,,,,,,,,,,,,
1.52E+18,SarahAshtonLV,Fri Apr 22 05:59:19 +0000 2022,31.181446,48.382929,Good,,,,üá∫üá¶Just,a,reminder:Putin,is,a,dickhead...in,,language–ü—ÉÃÅ—Ç–∏–Ω,‚Äî,—Ö—É–π–ª–æÃÅ,(Putin,‚Äì,h‚Ä¶,https://t.co/sZ1IocDTDF,,,,,,,,
1.52E+18,GiorgioVienna,Fri Apr 22 05:59:32 +0000 2022,16.3798455,48.22012,Wie,,,,Christen,heuer,in,Russland,und,in,,Ukraine,Ostern,feiern?,Sie,haben,denselben,"Glauben,‚Ä¶",https://t.co/3l123msUVE,,,,,,,
1.52E+18,RichardAvenel,Fri Apr 22 05:59:39 +0000 2022,-1.311389,46.3191865,Il,,,,!,,,,,,,,,,,,,,,,,,,,,
1.52E+18,S_tiivi,Fri Apr 22 06:00:08 +0000 2022,19.4805905,51.7733655,Great!,,,,took,"#PutinsWar,",#PutinWarCrimes,and,a,huge,,of,suffering,of,innocent,people,to,bring,it,a‚Ä¶,https://t.co/OshUu7Dlgo,,,,,
1.52E+18,sbasdeo1,Fri Apr 22 06:00:38 +0000 2022,-1.382771,53.7930975,I,,,,meant,to,be,an,out,and,,racist?,Yet,here,he,"is,",inviting,immigrants,over.,ü§∑‚Äç‚ôÇÔ∏è,,,,,,
1.52E+18,djw92,Fri Apr 22 06:00:45 +0000 2022,1.270739,52.667282,Praying,,,,today,üá∫üá¶,https://t.co/9FnUs0MNHy,,,,,,,,,,,,,,,,,,,
1.52E+18,TommyTopic,Fri Apr 22 06:01:19 +0000 2022,-3.7035075,40.4777945,@CanadianUkrain1,,,,on,tight!,,,,,,,,,,,,,,,,,,,,
1.52E+18,ReginaZaugg3,Fri Apr 22 06:01:46 +0000 2022,7.681919,46.694121,@DuezenTekkal,,,,alles,gegen,die,Kurden,nur,das,,l√§ngst,gegen,die,Kurden,Krieg,f√ºhrt,nur,ist,au‚Ä¶,https://t.co/z0xJQVeaRY,,,,,
1.52E+18,MySocialMedia6,Fri Apr 22 06:02:36 +0000 2022,145.0531355,-37.9725665,This,,,,strong on security,and,stepping up,with,a,plan,,in,this,"instancen,",with,our‚Ä¶,https://t.co/zBCW0JPvRL,,,,,,,,,
1.52E+18,PebbleGreen2,Fri Apr 22 06:02:38 +0000 2022,-123.1308365,49.1742415,Woah,,,,,,,,,,,,,,,,,,,,,,,,,
1.52E+18,ChanDannyTse2,Fri Apr 22 06:03:17 +0000 2022,-122.818486,49.111519,https://t.co/F0T7miMDX8Elon,,,,up,to,something!,It's,not,like,,to,give,us,distraction,about,securing‚Ä¶,https://t.co/0r4KINKnhA,,,,,,,,
1.52E+18,realbiola,Fri Apr 22 06:03:38 +0000 2022,-86.1429225,39.7795625,I,,,,why,Russia,invaded,Ukraine,with,so,,aggression,killing,innocent,people,and,destroying,an,ent‚Ä¶,https://t.co/K2dwcjgMyU,,,,,,
1.52E+18,VeldaRSmith1,Fri Apr 22 06:03:43 +0000 2022,-111.867825,33.215025,So,,,,peaceful,nation!,,,,,,,,,,,,,,,,,,,,
1.52E+18,Puja50966994,Fri Apr 22 06:04:32 +0000 2022,78.420229,23.970895,Biden announces $800 million in Ukraine defense aid as fighting continues in Mariupol,,,,,,,,,,,,,,,,,,,,,,,,,
1.52E+18,james_levinson,Fri Apr 22 06:05:00 +0000 2022,32,49,Just,,,,@,Ukraine,https://t.co/y65Qg2iH0v,,,,,,,,,,,,,,,,,,,
1.52E+18,ukraineforum,Fri Apr 22 06:05:32 +0000 2022,30.52349099,50.45034932,Russland-Ukraine-Ticker:,,,,Pr√§sident,Emmanuel,Macron,hat,im‚Ä¶,https://t.co/OcnF8PSKtI,,,,,,,,,,,,,,,,
1.52E+18,zombiekiller974,Fri Apr 22 06:05:40 +0000 2022,8.070338,52.2039625,Ich,,,,Mein,Land,Deutschland.,Das,Wir,Deutschen,,Ukraine,So,Im,Stich,Lassen,üíîüò¢,@Bundeskanzler,Sie,S‚Ä¶,https://t.co/NAnEnvns0g,,,,,
1.52E+18,zombiekiller974,Fri Apr 22 06:05:41 +0000 2022,8.070338,52.2039625,I,,,,my,country,Germany.,That,we,Germans,,abandoning,Ukraine,like,this,üíîüò¢,Federal,Chancellor,You,are‚Ä¶,https://t.co/rBsmWe3kw7,,,,,
1.52E+18,AlvaShayDay,Fri Apr 22 06:05:55 +0000 2022,113.9976415,22.4571905,Â¶ÇÊûúÊ≤íÊúâË•øÈÜ´ÔºåÁ•áÊúâ‰∏≠ÈÜ´ÔºåÂÖ®‰∏≠Âúã‰∫∫Ê∞ëÊó©Â∞±Â∞çÂ•ßÁ±≥ÂÖãÊàéÂΩ¢Êàê‰∫ÜÂÖ®È´îÂÖçÁñ´ÔºåÁ¨¨‰∏ÄÊ¨°Â∞çË•øÈÜ´Ê∑±ÊÉ°ÁóõÁµïÔºåÊ≤íÊúâÊ†∏ÈÖ∏Ê™¢Ê∏¨ÔºåÊ≤íÊúâÊäóÂéüÊ™¢Ê∏¨ÔºåÂ∞±‰∏çÊúÉÊúâÈôΩÊÄßÔºåÊåâÁÖß‰∏≠ÈÜ´ÂπæÂçÉÂπ¥‰æÜÂ∞±ÊòØÁÅ´Ê∞£Êó∫ÁõõÔºåÂêÉÂ§öÂπæÂâØËçâËó•ÔºåË¶ÅÈÉΩËÉΩËß£Ê±∫ÂïèÈ°å„ÄÇ#Â•ßÁ±≥ÂÖãÊàé,,,,,,,,,,,,,,,,,,,,,,,,,
1.52E+18,BendlerBlogger,Fri Apr 22 06:06:06 +0000 2022,8.2485705,50.072868,Wir,,,,die,ethnischen,S√§uberungen,im,Osten,der,,f√∂rdern,und,darauf,"dr√§ngen,",die,Gebiete‚Ä¶,https://t.co/eSFzcC8QaB,,,,,,,,
1.52E+18,VeldaRSmith1,Fri Apr 22 06:06:37 +0000 2022,-111.867825,33.215025,Must‚Äôve,,,,in,the,USA,not,Russia!,,,,,,,,,,,,,,,,,
1.52E+18,DiJolliffe,Fri Apr 22 06:06:38 +0000 2022,-2.9870915,51.2621435,Totally,,,,,,,,,,,,,,,,,,,,,,,,,
1.52E+18,BrianlifeMiguel,Fri Apr 22 06:07:31 +0000 2022,-117.104989,32.810012,@MurgaUSA,,,,calcular,la,inflaci√≥n,por,la,guerra,,Ukraine,,,,,,,,,,,,,,
1.52E+18,xanthus_rotgut,Fri Apr 22 06:08:23 +0000 2022,-73.9685415,40.780709,Sheepshead,,,,sleeping,into,Midwood?Ukraine,Village,past,Chinatown.,,know,the,commies,are,dyfuncti‚Ä¶,https://t.co/93IeuwZ1fS,,,,,,,,,
1.52E+18,zombiekiller974,Fri Apr 22 06:09:48 +0000 2022,8.070338,52.2039625,Slava,,,,Ukraine—á–µ—Å—Ç—å,–£–∫—Ä–∞—ó–Ω–∏,,,,,,,,,,,,,,,,,,,,
1.52E+18,AlexisEzembe,Fri Apr 22 06:09:49 +0000 2022,11.760826,4.697107,Voil√†,,,,tombent,en,Ukraine,sans,intervention,de,,communaut√©,internationale,ou,m√™me,des,ONG,dits,d√©fe‚Ä¶,https://t.co/gg5yMlVEMT,,,,,,
1.52E+18,reiznieks,Fri Apr 22 06:11:46 +0000 2022,24.1832465,56.813842,‚ÄúIf,,,,to,slaughter,their,Slavic,brothers,in,,why,would,it,not,do,the,same,thing,with,Finland?‚Ä¶,https://t.co/vSn6yEEVfc,,,,
1.52E+18,YingHuiThe,Fri Apr 22 06:13:03 +0000 2022,-0.173115,51.5248355,@BBCNews,,,,,,,,,,,,,,,,,,,,,,,,,
1.52E+18,ChanDannyTse2,Fri Apr 22 06:13:29 +0000 2022,-122.818486,49.111519,U.S.,,,,to,Second,Russia-NATO,Front,Under,Pressure,,on,his,las‚Ä¶,https://t.co/df8wDwSopC,,,,,,,,,,,
1.52E+18,chfrank_cgn,Fri Apr 22 06:14:39 +0000 2022,6.96747,50.957617,Das Wegducken von Scholz hilft nur Russland,,,,Seite,stehen,wir,in,diesem,Krieg,,@spdde‚Ä¶,https://t.co/sZSv29XBa3,,,,,,,,,,,,,
1.52E+18,amit98764,Fri Apr 22 06:14:46 +0000 2022,73.8775605,26.6284155,@Rishtweet04,,,,I,was,talking,about,the,Afghan,,And,they,are,the,citizens,to‚Ä¶,https://t.co/QxctH8ujIE,,,,,,,,
1.52E+18,BlueChele,Fri Apr 22 06:15:30 +0000 2022,-120.882482,47.273022,@McFaul,,,,Ukraine,is,a,testing,ground,for,,"arms,",but,you,know,"that,and",so,does,Russia.,,,,,,,
1.52E+18,Dehon38745271,Fri Apr 22 06:15:46 +0000 2022,4.342162,50.8301595,Direct,,,,Ukraine,:,Marioupol,plie,mais,ne,,pas.,Un,nouveau,charnier,√†,Manhush,?https://t.co/89LX6jDLvV,,,,,,,,
1.52E+18,WirrIst_DasVolk,Fri Apr 22 06:16:10 +0000 2022,13.772458,51.076827,@f_karig,,,,,,,,,,,,,,,,,,,,,,,,,
1.52E+18,samurai_antonio,Fri Apr 22 06:16:30 +0000 2022,-98.5406515,29.417501,I'm,,,,and,Ukraine,are,neo,Nazi,states,,,,,,,,,,,,,,,,
1.52E+18,CalDisasters,Fri Apr 22 06:16:37 +0000 2022,-119.3066075,37.2691755,#RussiansDeleting,,,,,,,,,,,,,,,,,,,,,,,,,
1.52E+18,DenisMacShane,Fri Apr 22 06:17:00 +0000 2022,-0.148936,51.500092,Putin,,,,war,days,EU,Foreign,Policy,chief,,Borrell,it,will,be,decided,on,battlefield.,Time,for,U.K‚Ä¶,https://t.co/JXeMJ7KnBV,,,,
1.52E+18,BlueChele,Fri Apr 22 06:17:11 +0000 2022,-120.882482,47.273022,@McFaul,,,,trash.,Clearly,not,the,second,strongest,,Too,much,grift.,Thanks,be,to,God,and,the,glory,to,Ukraine,,,
1.52E+18,samurai_antonio,Fri Apr 22 06:17:13 +0000 2022,-98.5406515,29.417501,I'm,,,,and,Ukraine,are,neo,Nazi,states.,,should,let,them,all,fight,by,themselves.,,,,,,,,
1.52E+18,EberleSebastian,Fri Apr 22 06:18:41 +0000 2022,9.3726795,53.6798865,‚ÄûKeine,,,,,,,,,,,,,,,,,,,,,,,,,
1.52E+18,dillerjohann,Fri Apr 22 06:19:22 +0000 2022,8.2127855,50.771975,@OctaviusBieder,,,,die,Ukraine,"du,",wird,niemals,in,,Lage,"sein,",Russland,aus,ihrem,St‚Ä¶,https://t.co/7OrI1ABOwf,,,,,,,,
1.52E+18,zombiekiller974,Fri Apr 22 06:19:36 +0000 2022,8.070338,52.2039625,@MiRo_SPD,,,,Mich,F√ºr,Mein,Land,Deutschland.,Das,,Deutschen,Die,Ukraine,So,Im,Stich,Lassen‚Ä¶,https://t.co/GZHoi4HkMs,,,,,,,
1.52E+18,BerndWeickert,Fri Apr 22 06:20:10 +0000 2022,11.2830675,50.14511,@Afelia,,,,kann,Russland,nicht,"besiegen,",sie,kann,,einen,Sieg,Russlands,verhindern.,,,,,,,,,,,
1.52E+18,zombiekiller974,Fri Apr 22 06:20:27 +0000 2022,8.070338,52.2039625,@MiRo_SPD,,,,ashamed,of,my,country,Germany.,That,,Germans,are,abandoning,Ukraine,like,this,üíîüò¢,Fed‚Ä¶,https://t.co/Vgju2lBK5h,,,,,,
1.52E+18,ANikan9999,Fri Apr 22 06:20:40 +0000 2022,21.06179,52.2328355,Warto,,,,dalej.,,,,,,,,,,,,,,,,,,,,,
1.52E+18,JosephV64384697,Fri Apr 22 06:21:10 +0000 2022,-71.0887125,42.3136695,Don‚Äôt,,,,Desired,#Freedom,Still,Does,Not,Justify,,Of,Innocents,By,#Putin‚Ä¶,https://t.co/0J9GYr2nB9,,,,,,,,,,
1.52E+18,larsga,Fri Apr 22 06:21:14 +0000 2022,11.04184493,59.94797655,@bolerio,,,,advantage,growing.,Huge,numbers,of,RU,,"destroyed,",and,UA,have,captured,more,100,tanks,f‚Ä¶,https://t.co/ihOFy5KfwY,,,,,
1.52E+18,jpetersonTG,Fri Apr 22 06:21:23 +0000 2022,32.56916,0.2892675,And,,,,this,by,giving,Ukraine,the,leathel,,they,badly,need,and,real,time,intell,on,movement,of,Russ‚Ä¶,https://t.co/wQmBrHQXeM,,,
1.52E+18,TwoHappyDachs,Fri Apr 22 06:22:11 +0000 2022,31.181446,48.382929,On,,,,the,National,emblem,of,Ukraine,the,,from,1.5,million,tulips,was,laid,out,on,Sophia,Squar‚Ä¶,https://t.co/oiwqi4Ankm,,,,
1.52E+18,Elchrich_Elch,Fri Apr 22 06:22:16 +0000 2022,-3.7035075,40.4777945,THIS!,,,,,,,,,,,,,,,,,,,,,,,,,
1.52E+18,ukraineforum,Fri Apr 22 06:22:32 +0000 2022,30.52349099,50.45034932,In,,,,offiziell,208,tote,und,386,verletzte,,registriert:,Bis,zum,Morgen,des,22,April,hat,die‚Ä¶,https://t.co/v6DefaO4YL,,,,,
1.52E+18,mrohrlack,Fri Apr 22 06:23:00 +0000 2022,13.4246065,52.506701,In,,,,mir,‚ÄûSchnellsch√ºsse‚Äú,durchaus,sinnvoll.,,,,,,,,,,,,,,,,,,
1.52E+18,checkerhd,Fri Apr 22 06:23:09 +0000 2022,8.6833745,49.406116,@DLFDieser,,,,der,sehr,dankbar,ist...,.Weil,wir,,viel,tun,-,aber,nicht,tun,-,was,Herr,#Melnyk,wil‚Ä¶,https://t.co/lxYEkND58o,,,
1.52E+18,AllenLeeTurner5,Fri Apr 22 06:23:16 +0000 2022,-83.1738665,32.6782075,https://t.co/5OMyiW0wlf,,,,with,lom,employee,in,Bermuda,find,,a,bruh,,,,,,,,,,,,,
1.52E+18,Patrici20765403,Fri Apr 22 06:23:16 +0000 2022,-89.5960515,40.6446025,Ukraine,,,,in,Mariupol.,Hope,Ukraine,still,fights,,gain,more,control,over,Mariupol,,,,,,,,,,
1.52E+18,robfer,Fri Apr 22 06:23:32 +0000 2022,2.56666667,51.03333333,In,,,,#lille,#lillejetaime,#nowar,#shotoniphone13pro,#sky,#lillemaville,,#streetphotography‚Ä¶,https://t.co/18yi8szU1V,,,,,,,,,,,,,
1.52E+18,caccomo,Fri Apr 22 06:23:59 +0000 2022,2.9046945,42.698786,Pour,,,,comme,tu,les,aimes,bien,mes,,"italiens.Olga,",Simferopol,"University,",Ukraine,https://t.co/quqURGYagG,,,,,,,,,,
1.52E+18,PANKAJS55740147,Fri Apr 22 06:24:10 +0000 2022,94.162017,26.735003,#war,,,,indefinite,period,and,arms,manufacturers,of,,will,supply,arms,&amp;,ammunition,for,indefinit‚Ä¶,https://t.co/Zlk3OVmzcW,,,,,,,
1.52E+18,harusha,Fri Apr 22 06:25:23 +0000 2022,77.5584485,12.9231145,Racism,,,,whose,going,to,point,out,this?,,@IlhanMN,@SecBlinken,?,,,,,,,,,,,,
1.52E+18,AdamAlfi,Fri Apr 22 06:25:31 +0000 2022,-73.862797,41.066766,@POTUS,,,,that,don‚Äôt,involve,the,US.,Stop,,American,money,to,strangers,while,your,own,citize‚Ä¶,https://t.co/FmKED7kOoI,,,,,,
1.52E+18,cto_maverick,Fri Apr 22 06:26:35 +0000 2022,21.06179,52.2328355,@simoncoveney,,,,sanction,Russia,in,5,days,for,,but,are,completely,silent,for,7,years,on,YemenW‚Ä¶,https://t.co/8hMASNSEYG,,,,,
1.52E+18,intelinside0118,Fri Apr 22 06:26:47 +0000 2022,139.7563645,35.6868845,F,,,,,,,,,,,,,,,,,,,,,,,,,
1.52E+18,serena_meljan,Fri Apr 22 06:26:51 +0000 2022,-1.56549,53.801956,üíôüíõüíôüíõ,,,,,,,,,,,,,,,,,,,,,,,,,
1.52E+18,lavoisier26200,Fri Apr 22 06:27:00 +0000 2022,4.7454225,44.554451,BIDEN,,,,mise,sur,l'Ukraine,en,balan√ßant,les,,!!,,,,,,,,,,,,,,
1.52E+18,DaveMoore20,Fri Apr 22 06:27:42 +0000 2022,-110.9155735,32.1893905,F#**,,,,,,,,,,,,,,,,,,,,,,,,,
1.52E+18,NoseaspendejoRs,Fri Apr 22 06:28:09 +0000 2022,-106.966033,44.7886575,Hey,,,,down,a,üá∑üá∫,electromagnetic,warfare,attack,,üá∫üá¶,last,month,&amp;,the,Pentagon,is,taking,note‚Ä¶,https://t.co/tTzpPe2xmL,,,,,
1.52E+18,HToenne,Fri Apr 22 06:29:26 +0000 2022,7.6905995,50.955985,Berichte,,,,Mariupol,https://t.co/PNLE3UYyvV,,,,,,,,,,,,,,,,,,,,
1.52E+18,RaulWolfBruning,Fri Apr 22 06:30:10 +0000 2022,9.3726795,53.6798865,@DimaJaramanas,,,,@ioannZH,Ich,finde,solche,Vorw√ºrfe,ohne,,handfeste,Belege,v√∂ll‚Ä¶,https://t.co/z6UpS6HyVx,,,,,,,,,,,
1.52E+18,peterdukephoto,Fri Apr 22 06:30:32 +0000 2022,-118.4119065,34.0207895,seems,,,,,,,,,,,,,,,,,,,,,,,,,
1.52E+18,checkerhd,Fri Apr 22 06:30:49 +0000 2022,8.6833745,49.406116,Und,,,,war,#Zelensky,nicht,mehr,beliebt,bevor,,zur,jetzigen,Situation,in,der,Ukraine,kam.Frage,:W‚Ä¶,https://t.co/SygoZBfCay,,,,,,
1.52E+18,LoicMellar,Fri Apr 22 06:31:25 +0000 2022,-3.1097635,48.52927,Tuet,,,,,,,,,,,,,,,,,,,,,,,,,
1.52E+18,inesParisFr,Fri Apr 22 06:32:19 +0000 2022,2.347003,48.8588335,Cash,,,,,,,,,,,,,,,,,,,,,,,,,
1.52E+18,DrNuelmuhumuza,Fri Apr 22 06:32:26 +0000 2022,30.09186,-0.426289,So,,,,truth,destroy,Libya?,,,,,,,,,,,,,,,,,,,
1.52E+18,pierrehaski,Fri Apr 22 06:32:29 +0000 2022,2.347003,48.8588335,L‚ÄôAllemagne,,,,interne,et,par,ses,voisins,de,,sur,son,pass√©,de,complaisance,avec,Poutine,et,la,f‚Ä¶,https://t.co/XknKZ1CXRz,,,,
1.52E+18,epmccom,Fri Apr 22 06:33:50 +0000 2022,-115.223125,36.232915,@ng_ukraine,,,,VLADIMIR,PUTIN,IS,INSANE,WILL,USE,,WEAPONS,IF,HE,IS,BACK,IN‚Ä¶,https://t.co/hWLGuEqpkW,,,,,,,,
1.52E+18,checkerhd,Fri Apr 22 06:34:06 +0000 2022,8.6833745,49.406116,BlaBlaBla,,,,,,,,,,,,,,,,,,,,,,,,,
1.52E+18,epmccom,Fri Apr 22 06:34:21 +0000 2022,-115.223125,36.232915,@edwardstrngr,,,,VLADIMIR,PUTIN,IS,INSANE,WILL,USE,,WEAPONS,IF,HE,IS,BACK‚Ä¶,https://t.co/ik6rZNUw6h,,,,,,,,,
1.52E+18,leglegro,Fri Apr 22 06:34:26 +0000 2022,16.7319655,47.6439925,@LiberalMut,,,,schon,den,3,Weltkrieg,nirgends,ist,,politische,Bl√∂dheit,gr√∂√üer,als,bei,den,Gr√ºnen,S‚Ä¶,https://t.co/ciwWP2awHu,,,,,,
1.52E+18,epmccom,Fri Apr 22 06:34:48 +0000 2022,-115.223125,36.232915,@chefjoseandres,,,,VLADIMIR,PUTIN,IS,INSANE,WILL,USE,,WEAPONS,IF,HE,IS,BAC‚Ä¶,https://t.co/XKAYGG8r6X,,,,,,,,,
1.52E+18,epmccom,Fri Apr 22 06:34:58 +0000 2022,-115.223125,36.232915,@ua_industrial,,,,VLADIMIR,PUTIN,IS,INSANE,WILL,USE,,WEAPONS,IF,HE,IS,BACK‚Ä¶,https://t.co/WwGCBTwzfS,,,,,,,,,
1.52E+18,TwoHappyDachs,Fri Apr 22 06:35:07 +0000 2022,31.181446,48.382929,Trident,,,,Sophiyska,square,#Kyiv,#Ukraine,18,"March,",,https://t.co/Fb1xGi1nRs,,,,,,,,,,,,,,
1.52E+18,epmccom,Fri Apr 22 06:35:11 +0000 2022,-115.223125,36.232915,@OstapYarysh,,,,VLADIMIR,PUTIN,IS,INSANE,WILL,USE,,WEAPONS,IF,HE,IS,BACK,I‚Ä¶,https://t.co/lDgnqTd1ae,,,,,,,,
,,,,,,,,,,,,,,,,,,,,,,,,,,,,,,
,,,,,Also,,,,,,,,,,,,,,,,,,,,,,,,,
,,,,,like,,,,,,,,,,,,,,,,,,,,,,,,,
,,,,,student,,,,,,,,,,,,,,,,,,,,,,,,,
,,,,,We,,,,,,,,,,,,,,,,,,,,,,,,,
,,,,,Profiting,,,,,,,,,,,,,,,,,,,,,,,,,
,,,,,"FFS,",,,,,,,,,,,,,,,,,,,,,,,,,
,,,,,#Russia,,,,,,,,,,,,,,,,,,,,,,,,,
,,,,,Life,,,,,,,,,,,,,,,,,,,,,,,,,
,,,,,odpoczynku,,,,,,,,,,,,,,,,,,,,,,,,,
,,,,,habe,,,,,,,,,,,,,,,,,,,,,,,,,
,,,,,guy,,,,,,,,,,,,,,,,,,,,,,,,,
,,,,,I,,,,,,,,,,,,,,,,,,,,,,,,,
,,,,,lien,,,,,,,,,,,,,,,,,,,,,,,,,
,,,,,civilians,,,,,,,,,,,,,,,,,,,,,,,,,
,,,,,TELL,,,,,,,,,,,,,,,,,,,,,,,,,
,,,,,https://t.co/0S6Qn2MqnATRY,,,,,,,,,,,,,,,,,,,,,,,,,
,,,,,@EichholtzAlex,,,,,,,,,,,,,,,,,,,,,,,,,
,,,,,https://t.co/0S6Qn2MqnATRY,,,,,,,,,,,,,,,,,,,,,,,,,
,,,,,Grodno,,,,,,,,,,,,,,,,,,,,,,,,,
,,,,,YA,,,,,,,,,,,,,,,,,,,,,,,,,
,,,,,https://t.co/0S6Qn2MqnATRY,,,,,,,,,,,,,,,,,,,,,,,,,
,,,,,https://t.co/0S6Qn2MqnATRY,,,,,,,,,,,,,,,,,,,,,,,,,
,,,,,https://t.co/0S6Qn2MqnATRY,,,,,,,,,,,,,,,,,,,,,,,,,
,,,,,https://t.co/0S6Qn2MqnATRY,,,,,,,,,,,,,,,,,,,,,,,,,
,,,,,"Biden,",,,,,,,,,,,,,,,,,,,,,,,,,
,,,,,https://t.co/0S6Qn2MqnATRY,,,,,,,,,,,,,,,,,,,,,,,,,
,,,,,about,,,,,,,,,,,,,,,,,,,,,,,,,
,,,,,https://t.co/0S6Qn2MqnATRY,,,,,,,,,,,,,,,,,,,,,,,,,
,,,,,we,,,,,,,,,,,,,,,,,,,,,,,,,
,,,,,this,,,,,,,,,,,,,,,,,,,,,,,,,
,,,,,https://t.co/0S6Qn2MqnATRY,,,,,,,,,,,,,,,,,,,,,,,,,
,,,,,@Alisa_sfnm,,,,,,,,,,,,,,,,,,,,,,,,,
,,,,,https://t.co/0S6Qn2MqnATRY,,,,,,,,,,,,,,,,,,,,,,,,,
,,,,,man,,,,,,,,,,,,,,,,,,,,,,,,,
,,,,,https://t.co/0S6Qn2MqnATRY,,,,,,,,,,,,,,,,,,,,,,,,,
,,,,,@Wizarab10,,,,,,,,,,,,,,,,,,,,,,,,,
,,,,,#Marinka,,,,,,,,,,,,,,,,,,,,,,,,,
,,,,,https://t.co/0S6Qn2MqnATRY,,,,,,,,,,,,,,,,,,,,,,,,,
,,,,,stands,,,,,,,,,,,,,,,,,,,,,,,,,
,,,,,https://t.co/0S6Qn2MqnATRY,,,,,,,,,,,,,,,,,,,,,,,,,
,,,,,https://t.co/0S6Qn2MqnATRY,,,,,,,,,,,,,,,,,,,,,,,,,
,,,,,https://t.co/0S6Qn2MqnATRY,,,,,,,,,,,,,,,,,,,,,,,,,
,,,,,https://t.co/0S6Qn2MqnATRY,,,,,,,,,,,,,,,,,,,,,,,,,
,,,,,@YouTube,,,,,,,,,,,,,,,,,,,,,,,,,
,,,,,https://t.co/0S6Qn2MqnATRY,,,,,,,,,,,,,,,,,,,,,,,,,
,,,,,isolationist,,,,,,,,,,,,,,,,,,,,,,,,,
,,,,,,,,,,,,,,,,,,,,,,,,,,,,,,
,,,,,@VOAChinese,,,,,,,,,,,,,,,,,,,,,,,,,
,,,,,https://t.co/0S6Qn2MqnATRY,,,,,,,,,,,,,,,,,,,,,,,,,
,,,,,Aevex,,,,,,,,,,,,,,,,,,,,,,,,,
,,,,,https://t.co/0S6Qn2MqnATRY,,,,,,,,,,,,,,,,,,,,,,,,,
,,,,,https://t.co/0S6Qn2MqnATRY,,,,,,,,,,,,,,,,,,,,,,,,,
,,,,,https://t.co/0S6Qn2MqnATRY,,,,,,,,,,,,,,,,,,,,,,,,,
,,,,,https://t.co/0S6Qn2MqnATRY,,,,,,,,,,,,,,,,,,,,,,,,,
,,,,,https://t.co/0S6Qn2MqnATRY,,,,,,,,,,,,,,,,,,,,,,,,,
,,,,,https://t.co/0S6Qn2uPw2TRY,,,,,,,,,,,,,,,,,,,,,,,,,
,,,,,https://t.co/0S6Qn2MqnATRY,,,,,,,,,,,,,,,,,,,,,,,,,
,,,,,#Russia,,,,,,,,,,,,,,,,,,,,,,,,,
,,,,,https://t.co/0S6Qn2MqnATRY,,,,,,,,,,,,,,,,,,,,,,,,,
,,,,,https://t.co/0S6Qn2MqnATRY,,,,,,,,,,,,,,,,,,,,,,,,,
,,,,,@NZZ,,,,,,,,,,,,,,,,,,,,,,,,,
,,,,,https://t.co/0S6Qn2MqnATRY,,,,,,,,,,,,,,,,,,,,,,,,,
,,,,,Morgen,,,,,,,,,,,,,,,,,,,,,,,,,
,,,,,"money,",,,,,,,,,,,,,,,,,,,,,,,,,
,,,,,https://t.co/0S6Qn2MqnATRY,,,,,,,,,,,,,,,,,,,,,,,,,
,,,,,ni,,,,,,,,,,,,,,,,,,,,,,,,,
,,,,,https://t.co/0S6Qn2MqnATRY,,,,,,,,,,,,,,,,,,,,,,,,,
,,,,,https://t.co/0S6Qn2MqnATRY,,,,,,,,,,,,,,,,,,,,,,,,,
,,,,,#„Ç¶„ÇØ„É©„Ç§„Éä,,,,,,,,,,,,,,,,,,,,,,,,,
,,,,,https://t.co/0S6Qn2MqnATRY,,,,,,,,,,,,,,,,,,,,,,,,,
,,,,,Correct,,,,,,,,,,,,,,,,,,,,,,,,,
,,,,,https://t.co/0S6Qn2MqnATRY,,,,,,,,,,,,,,,,,,,,,,,,,
,,,,,https://t.co/0S6Qn2MqnATRY,,,,,,,,,,,,,,,,,,,,,,,,,
,,,,,@latimes,,,,,,,,,,,,,,,,,,,,,,,,,
,,,,,@BorisJohnson,,,,,,,,,,,,,,,,,,,,,,,,,
,,,,,Ditto.,,,,,,,,,,,,,,,,,,,,,,,,,
,,,,,nuit,,,,,,,,,,,,,,,,,,,,,,,,,
,,,,,je,,,,,,,,,,,,,,,,,,,,,,,,,
,,,,,the,,,,,,,,,,,,,,,,,,,,,,,,,
,,,,,@gameOFshane,,,,,,,,,,,,,,,,,,,,,,,,,
,,,,,@Afelia,,,,,,,,,,,,,,,,,,,,,,,,,
,,,,,pr√©sidente,,,,,,,,,,,,,,,,,,,,,,,,,
,,,,,poverty,,,,,,,,,,,,,,,,,,,,,,,,,
,,,,,"Bonjour,",,,,,,,,,,,,,,,,,,,,,,,,,
,,,,,has,,,,,,,,,,,,,,,,,,,,,,,,,
,,,,,,,,,,,,,,,,,,,,,,,,,,,,,,
,,,,,morning,,,,,,,,,,,,,,,,,,,,,,,,,
,,,,,werden,,,,,,,,,,,,,,,,,,,,,,,,,
,,,,,faut,,,,,,,,,,,,,,,,,,,,,,,,,
,,,,,Sad,,,,,,,,,,,,,,,,,,,,,,,,,
,,,,,thought,,,,,,,,,,,,,,,,,,,,,,,,,
,,,,,for,,,,,,,,,,,,,,,,,,,,,,,,,
,,,,,Bravo,,,,,,,,,,,,,,,,,,,,,,,,,
,,,,,Er,,,,,,,,,,,,,,,,,,,,,,,,,
,,,,,is,,,,,,,,,,,,,,,,,,,,,,,,,
,,,,,good,,,,,,,,,,,,,,,,,,,,,,,,,
,,,,,Musk,,,,,,,,,,,,,,,,,,,,,,,,,
,,,,,still,,,,,,,,,,,,,,,,,,,,,,,,,
,,,,,true!,,,,,,,,,,,,,,,,,,,,,,,,,
,,,,,https://t.co/OqnNoOlflx,,,,,,,,,,,,,,,,,,,,,,,,,
,,,,,posted,,,,,,,,,,,,,,,,,,,,,,,,,
,,,,,Macron:,,,,,,,,,,,,,,,,,,,,,,,,,
,,,,,Sch√§me,,,,,,,,,,,,,,,,,,,,,,,,,
,,,,,am,,,,,,,,,,,,,,,,,,,,,,,,,
,,,,,#Omicron‚Ä¶,,,,,,,,,,,,,,,,,,,,,,,,,
,,,,,k√∂nnten,,,,,,,,,,,,,,,,,,,,,,,,,
,,,,,forgotten,,,,,,,,,,,,,,,,,,,,,,,,,
,,,,,agree,,,,,,,,,,,,,,,,,,,,,,,,,
,,,,,@dlacalle,,,,,,,,,,,,,,,,,,,,,,,,,
,,,,,bay,,,,,,,,,,,,,,,,,,,,,,,,,
,,,,,Ukraine,,,,,,,,,,,,,,,,,,,,,,,,,
,,,,,que,,,,,,,,,,,,,,,,,,,,,,,,,
,,,,,Russia,,,,,,,,,,,,,,,,,,,,,,,,,
,,,,,L@@K,,,,,,,,,,,,,,,,,,,,,,,,,
,,,,,Vows,,,,,,,,,,,,,,,,,,,,,,,,,
,,,,,-,,,,,,,,,,,,,,,,,,,,,,,,,
,,,,,@Ferina07,,,,,,,,,,,,,,,,,,,,,,,,,
,,,,,Or,,,,,,,,,,,,,,,,,,,,,,,,,
,,,,,-,,,,,,,,,,,,,,,,,,,,,,,,,
,,,,,@sixtus,,,,,,,,,,,,,,,,,,,,,,,,,
,,,,,pretty,,,,,,,,,,,,,,,,,,,,,,,,,
,,,,,#Ukraine,,,,,,,,,,,,,,,,,,,,,,,,,
,,,,,won‚Äôt,,,,,,,,,,,,,,,,,,,,,,,,,
,,,,,His,,,,,,,,,,,,,,,,,,,,,,,,,
,,,,,pretty,,,,,,,,,,,,,,,,,,,,,,,,,
,,,,,Schnellsch√ºsse‚Äú.,,,,,,,,,,,,,,,,,,,,,,,,,
,,,,,@Volksverpetzer,,,,,,,,,,,,,,,,,,,,,,,,,
,,,,,@KKrynytskyi,,,,,,,,,,,,,,,,,,,,,,,,,
,,,,,@Volksverpetzer,,,,,,,,,,,,,,,,,,,,,,,,,
,,,,,@KKrynytskyi,,,,,,,,,,,,,,,,,,,,,,,,,
,,,,,wspom√≥c,,,,,,,,,,,,,,,,,,,,,,,,,
,,,,,The,,,,,,,,,,,,,,,,,,,,,,,,,
,,,,,Example,,,,,,,,,,,,,,,,,,,,,,,,,
,,,,,we,,,,,,,,,,,,,,,,,,,,,,,,,
,,,,,March,,,,,,,,,,,,,,,,,,,,,,,,,
,,,,,,,,,,,,,,,,,,,,,,,,,,,,,,
,,,,,der,,,,,,,,,,,,,,,,,,,,,,,,,
,,,,,einer,,,,,,,,,,,,,,,,,,,,,,,,,
,,,,,Typ,,,,,,,,,,,,,,,,,,,,,,,,,
,,,,,set,,,,,,,,,,,,,,,,,,,,,,,,,
,,,,,has,,,,,,,,,,,,,,,,,,,,,,,,,
,,,,,giro,,,,,,,,,,,,,,,,,,,,,,,,,
,,,,,toi,,,,,,,,,,,,,,,,,,,,,,,,,
,,,,,will,,,,,,,,,,,,,,,,,,,,,,,,,
,,,,,by,,,,,,,,,,,,,,,,,,,,,,,,,
,,,,,Stop,,,,,,,,,,,,,,,,,,,,,,,,,
,,,,,you,,,,,,,,,,,,,,,,,,,,,,,,,
,,,,,|,,,,,,,,,,,,,,,,,,,,,,,,,
,,,,,,,,,,,,,,,,,,,,,,,,,,,,,,
,,,,,confirme,,,,,,,,,,,,,,,,,,,,,,,,,
,,,,,MAGA,,,,,,,,,,,,,,,,,,,,,,,,,
,,,,,"@JoeBiden,",,,,,,,,,,,,,,,,,,,,,,,,,
,,,,,√ºber,,,,,,,,,,,,,,,,,,,,,,,,,
,,,,,@sumlenny,,,,,,,,,,,,,,,,,,,,,,,,,
,,,,,about,,,,,,,,,,,,,,,,,,,,,,,,,
,,,,,nicht,,,,,,,,,,,,,,,,,,,,,,,,,
,,,,,,,,,,,,,,,,,,,,,,,,,,,,,,
,,,,,machine,,,,,,,,,,,,,,,,,,,,,,,,,
,,,,,it,,,,,,,,,,,,,,,,,,,,,,,,,
,,,,,est,,,,,,,,,,,,,,,,,,,,,,,,,
,,,,,https://t.co/0S6Qn2MqnATRY,,,,,,,,,,,,,,,,,,,,,,,,,
,,,,,,,,,,,,,,,,,,,,,,,,,,,,,,
,,,,,https://t.co/0S6Qn2MqnATRY,,,,,,,,,,,,,,,,,,,,,,,,,
,,,,,Dann,,,,,,,,,,,,,,,,,,,,,,,,,
,,,,,https://t.co/0S6Qn2MqnATRY,,,,,,,,,,,,,,,,,,,,,,,,,
,,,,,https://t.co/0S6Qn2MqnATRY,,,,,,,,,,,,,,,,,,,,,,,,,
,,,,,from,,,,,,,,,,,,,,,,,,,,,,,,,
,,,,,https://t.co/0S6Qn2MqnATRY,,,,,,,,,,,,,,,,,,,,,,,,,
,,,,,,,,,,,,,,,,,,,,,,,,,,,,,,
,,,,,in,,,,,,,,,,,,,,,,,,,,,,,,,
,,,,,the,,,,,,,,,,,,,,,,,,,,,,,,,
,,,,,gimp,,,,,,,,,,,,,,,,,,,,,,,,,
,,,,,MUST,,,,,,,,,,,,,,,,,,,,,,,,,
,,,,,From,,,,,,,,,,,,,,,,,,,,,,,,,
,,,,,get,,,,,,,,,,,,,,,,,,,,,,,,,
,,,,,#RussoUkrainianWar,,,,,,,,,,,,,,,,,,,,,,,,,
,,,,,in,,,,,,,,,,,,,,,,,,,,,,,,,
,,,,,dla,,,,,,,,,,,,,,,,,,,,,,,,,
,,,,,Fragen.,,,,,,,,,,,,,,,,,,,,,,,,,
,,,,,is,,,,,,,,,,,,,,,,,,,,,,,,,
,,,,,think,,,,,,,,,,,,,,,,,,,,,,,,,
,,,,,des,,,,,,,,,,,,,,,,,,,,,,,,,
,,,,,are,,,,,,,,,,,,,,,,,,,,,,,,,
,,,,,YOU,,,,,,,,,,,,,,,,,,,,,,,,,
,,,,,TELL,,,,,,,,,,,,,,,,,,,,,,,,,
,,,,,@maybritillner,,,,,,,,,,,,,,,,,,,,,,,,,
,,,,,TELL,,,,,,,,,,,,,,,,,,,,,,,,,
,,,,,or,,,,,,,,,,,,,,,,,,,,,,,,,
,,,,,DUNIA:,,,,,,,,,,,,,,,,,,,,,,,,,
,,,,,TELL,,,,,,,,,,,,,,,,,,,,,,,,,
,,,,,TELL,,,,,,,,,,,,,,,,,,,,,,,,,
,,,,,TELL,,,,,,,,,,,,,,,,,,,,,,,,,
,,,,,TELL,,,,,,,,,,,,,,,,,,,,,,,,,
,,,,,you,,,,,,,,,,,,,,,,,,,,,,,,,
,,,,,TELL,,,,,,,,,,,,,,,,,,,,,,,,,
,,,,,this,,,,,,,,,,,,,,,,,,,,,,,,,
,,,,,TELL,,,,,,,,,,,,,,,,,,,,,,,,,
,,,,,spending,,,,,,,,,,,,,,,,,,,,,,,,,
,,,,,point,,,,,,,,,,,,,,,,,,,,,,,,,
,,,,,TELL,,,,,,,,,,,,,,,,,,,,,,,,,
,,,,,America agrees?',,,,,,,,,,,,,,,,,,,,,,,,,
,,,,,TELL,,,,,,,,,,,,,,,,,,,,,,,,,
,,,,,dies,,,,,,,,,,,,,,,,,,,,,,,,,
,,,,,TELL,,,,,,,,,,,,,,,,,,,,,,,,,
,,,,,On,,,,,,,,,,,,,,,,,,,,,,,,,
,,,,,#Ukraine,,,,,,,,,,,,,,,,,,,,,,,,,
,,,,,TELL,,,,,,,,,,,,,,,,,,,,,,,,,
,,,,,with,,,,,,,,,,,,,,,,,,,,,,,,,
,,,,,TELL,,,,,,,,,,,,,,,,,,,,,,,,,
,,,,,TELL,,,,,,,,,,,,,,,,,,,,,,,,,
,,,,,TELL,,,,,,,,,,,,,,,,,,,,,,,,,
,,,,,TELL,,,,,,,,,,,,,,,,,,,,,,,,,
,,,,,The,,,,,,,,,,,,,,,,,,,,,,,,,
,,,,,TELL,,,,,,,,,,,,,,,,,,,,,,,,,
,,,,,communist,,,,,,,,,,,,,,,,,,,,,,,,,
,,,,,,,,,,,,,,,,,,,,,,,,,,,,,,
,,,,,ÂßäÂ¶πÂè∞,,,,,,,,,,,,,,,,,,,,,,,,,
,,,,,TELL,,,,,,,,,,,,,,,,,,,,,,,,,
,,,,,"Aerospace,",,,,,,,,,,,,,,,,,,,,,,,,,
,,,,,TELL,,,,,,,,,,,,,,,,,,,,,,,,,
,,,,,TELL,,,,,,,,,,,,,,,,,,,,,,,,,
,,,,,TELL,,,,,,,,,,,,,,,,,,,,,,,,,
,,,,,TELL,,,,,,,,,,,,,,,,,,,,,,,,,
,,,,,TELL,,,,,,,,,,,,,,,,,,,,,,,,,
,,,,,TELL,,,,,,,,,,,,,,,,,,,,,,,,,
,,,,,TELL,,,,,,,,,,,,,,,,,,,,,,,,,
,,,,,#Ukraine,,,,,,,,,,,,,,,,,,,,,,,,,
,,,,,TELL,,,,,,,,,,,,,,,,,,,,,,,,,
,,,,,TELL,,,,,,,,,,,,,,,,,,,,,,,,,
,,,,,@MarcFelixSerrao,,,,,,,,,,,,,,,,,,,,,,,,,
,,,,,TELL,,,,,,,,,,,,,,,,,,,,,,,,,
,,,,,-,,,,,,,,,,,,,,,,,,,,,,,,,
,,,,,reduce,,,,,,,,,,,,,,,,,,,,,,,,,
,,,,,TELL,,,,,,,,,,,,,,,,,,,,,,,,,
,,,,,violence,,,,,,,,,,,,,,,,,,,,,,,,,
,,,,,TELL,,,,,,,,,,,,,,,,,,,,,,,,,
,,,,,TELL,,,,,,,,,,,,,,,,,,,,,,,,,
,,,,,Âàù„ÅÆ#„Éã„É•„Éº„Éê„É©„É≥„Çπ,,,,,,,,,,,,,,,,,,,,,,,,,
,,,,,TELL,,,,,,,,,,,,,,,,,,,,,,,,,
,,,,,ku,,,,,,,,,,,,,,,,,,,,,,,,,
,,,,,TELL,,,,,,,,,,,,,,,,,,,,,,,,,
,,,,,TELL,,,,,,,,,,,,,,,,,,,,,,,,,
,,,,,@nabihbulos,,,,,,,,,,,,,,,,,,,,,,,,,
,,,,,@narendramodi,,,,,,,,,,,,,,,,,,,,,,,,,
,,,,,But,,,,,,,,,,,,,,,,,,,,,,,,,
,,,,,j‚Äôai,,,,,,,,,,,,,,,,,,,,,,,,,
,,,,,jednoznaƒçnƒõ,,,,,,,,,,,,,,,,,,,,,,,,,
,,,,,car,,,,,,,,,,,,,,,,,,,,,,,,,
,,,,,@DemNevada,,,,,,,,,,,,,,,,,,,,,,,,,
,,,,,Genauso,,,,,,,,,,,,,,,,,,,,,,,,,
,,,,,"g√©orgienne,",,,,,,,,,,,,,,,,,,,,,,,,,
,,,,,stricken,,,,,,,,,,,,,,,,,,,,,,,,,
,,,,,soyons,,,,,,,,,,,,,,,,,,,,,,,,,
,,,,,returned...,,,,,,,,,,,,,,,,,,,,,,,,,
,,,,,,,,,,,,,,,,,,,,,,,,,,,,,,
,,,,,from,,,,,,,,,,,,,,,,,,,,,,,,,
,,,,,die,,,,,,,,,,,,,,,,,,,,,,,,,
,,,,,agir,,,,,,,,,,,,,,,,,,,,,,,,,
,,,,,that,,,,,,,,,,,,,,,,,,,,,,,,,
,,,,,he,,,,,,,,,,,,,,,,,,,,,,,,,
,,,,,Ukraine,,,,,,,,,,,,,,,,,,,,,,,,,
,,,,,Ukraine.,,,,,,,,,,,,,,,,,,,,,,,,,
,,,,,geht,,,,,,,,,,,,,,,,,,,,,,,,,
,,,,,@ScottMorrisonMP,,,,,,,,,,,,,,,,,,,,,,,,,
,,,,,one,,,,,,,,,,,,,,,,,,,,,,,,,
,,,,,must,,,,,,,,,,,,,,,,,,,,,,,,,
,,,,,don‚Äôt,,,,,,,,,,,,,,,,,,,,,,,,,
,,,,,Or,,,,,,,,,,,,,,,,,,,,,,,,,
,,,,,,,,,,,,,,,,,,,,,,,,,,,,,,
,,,,,a,,,,,,,,,,,,,,,,,,,,,,,,,
,,,,,Russland hat Willen zur Eskalation:,,,,,,,,,,,,,,,,,,,,,,,,,
,,,,,Mich,,,,,,,,,,,,,,,,,,,,,,,,,
,,,,,ashamed,,,,,,,,,,,,,,,,,,,,,,,,,
,,,,,https://t.co/vAf17R10vi,,,,,,,,,,,,,,,,,,,,,,,,,
,,,,,nat√ºrlich,,,,,,,,,,,,,,,,,,,,,,,,,
,,,,,they,,,,,,,,,,,,,,,,,,,,,,,,,
,,,,,,,,,,,,,,,,,,,,,,,,,,,,,,
,,,,,Hay,,,,,,,,,,,,,,,,,,,,,,,,,
,,,,,Russian,,,,,,,,,,,,,,,,,,,,,,,,,
,,,,,üá∫üá¶üá©üá™üá∫üá¶üá©üá™üá∫üá¶üá©üá™Ehre,,,,,,,,,,,,,,,,,,,,,,,,,
,,,,,des,,,,,,,,,,,,,,,,,,,,,,,,,
,,,,,is,,,,,,,,,,,,,,,,,,,,,,,,,
,,,,,!,,,,,,,,,,,,,,,,,,,,,,,,,
,,,,,'Ironclad',,,,,,,,,,,,,,,,,,,,,,,,,
,,,,,auf,,,,,,,,,,,,,,,,,,,,,,,,,
,,,,,@hasseynz,,,,,,,,,,,,,,,,,,,,,,,,,
,,,,,not,,,,,,,,,,,,,,,,,,,,,,,,,
,,,,,Guerre,,,,,,,,,,,,,,,,,,,,,,,,,
,,,,,"Mit der Nato abgestimmt, liefert Deutschland der Ukraine, was m√∂glich ist. Trotzdem gibt es die d‚Ä¶ https://t.co/p8DCJ2zCbF",,,,,,,,,,,,,,,,,,,,,,,,,
,,,,,convinced,,,,,,,,,,,,,,,,,,,,,,,,,
,,,,,#RussoUkrainianWar,,,,,,,,,,,,,,,,,,,,,,,,,
,,,,,stop,,,,,,,,,,,,,,,,,,,,,,,,,
,,,,,military,,,,,,,,,,,,,,,,,,,,,,,,,
,,,,,convinced,,,,,,,,,,,,,,,,,,,,,,,,,
,,,,,,,,,,,,,,,,,,,,,,,,,,,,,,
,,,,,@Afelia,,,,,,,,,,,,,,,,,,,,,,,,,
,,,,,Ich,,,,,,,,,,,,,,,,,,,,,,,,,
,,,,,Die,,,,,,,,,,,,,,,,,,,,,,,,,
,,,,,I,,,,,,,,,,,,,,,,,,,,,,,,,
,,,,,chocia≈ºby,,,,,,,,,,,,,,,,,,,,,,,,,
,,,,,Connection,,,,,,,,,,,,,,,,,,,,,,,,,
,,,,,of,,,,,,,,,,,,,,,,,,,,,,,,,
,,,,,can,,,,,,,,,,,,,,,,,,,,,,,,,
,,,,,"18,",,,,,,,,,,,,,,,,,,,,,,,,,
,,,,,,,,,,,,,,,,,,,,,,,,,,,,,,
,,,,,Ukraine,,,,,,,,,,,,,,,,,,,,,,,,,
,,,,,Notwehrsituation,,,,,,,,,,,,,,,,,,,,,,,,,
,,,,,(Ukraine),,,,,,,,,,,,,,,,,,,,,,,,,
,,,,,it,,,,,,,,,,,,,,,,,,,,,,,,,
,,,,,not,,,,,,,,,,,,,,,,,,,,,,,,,
,,,,,per,,,,,,,,,,,,,,,,,,,,,,,,,
,,,,,Loulou,,,,,,,,,,,,,,,,,,,,,,,,,
,,,,,continue,,,,,,,,,,,,,,,,,,,,,,,,,
,,,,,"West,",,,,,,,,,,,,,,,,,,,,,,,,,
,,,,,fighting,,,,,,,,,,,,,,,,,,,,,,,,,
,,,,,manage,,,,,,,,,,,,,,,,,,,,,,,,,
,,,,,L‚Äô√©lection,,,,,,,,,,,,,,,,,,,,,,,,,
,,,,,,,,,,,,,,,,,,,,,,,,,,,,,,
,,,,,la,,,,,,,,,,,,,,,,,,,,,,,,,
,,,,,,,,,,,,,,,,,,,,,,,,,,,,,,
,,,,,@SpaceX,,,,,,,,,,,,,,,,,,,,,,,,,
,,,,,Massengr√§ber,,,,,,,,,,,,,,,,,,,,,,,,,
,,,,,@AlexKokcharov,,,,,,,,,,,,,,,,,,,,,,,,,
,,,,,right,,,,,,,,,,,,,,,,,,,,,,,,,
,,,,,zu,,,,,,,,,,,,,,,,,,,,,,,,,
,,,,,,,,,,,,,,,,,,,,,,,,,,,,,,
,,,,,,,,,,,,,,,,,,,,,,,,,,,,,,
,,,,,was,,,,,,,,,,,,,,,,,,,,,,,,,
,,,,,bouscul√©e,,,,,,,,,,,,,,,,,,,,,,,,,
,,,,,TELL,,,,,,,,,,,,,,,,,,,,,,,,,
,,,,,,,,,,,,,,,,,,,,,,,,,,,,,,
,,,,,TELL,,,,,,,,,,,,,,,,,,,,,,,,,
,,,,,h√§tten,,,,,,,,,,,,,,,,,,,,,,,,,
,,,,,TELL,,,,,,,,,,,,,,,,,,,,,,,,,
,,,,,TELL,,,,,,,,,,,,,,,,,,,,,,,,,
,,,,,tulips,,,,,,,,,,,,,,,,,,,,,,,,,
,,,,,TELL,,,,,,,,,,,,,,,,,,,,,,,,,
,,,,,einem,,,,,,,,,,,,,,,,,,,,,,,,,
,,,,,smell,,,,,,,,,,,,,,,,,,,,,,,,,
,,,,,on,,,,,,,,,,,,,,,,,,,,,,,,,
,,,,,FIGHT,,,,,,,,,,,,,,,,,,,,,,,,,
,,,,,Ukraine,,,,,,,,,,,,,,,,,,,,,,,,,
,,,,,a,,,,,,,,,,,,,,,,,,,,,,,,,
,,,,,#Ukraine,,,,,,,,,,,,,,,,,,,,,,,,,
,,,,,Kharkiv:,,,,,,,,,,,,,,,,,,,,,,,,,
,,,,,‚Äûpatrona‚Äù.Szuka,,,,,,,,,,,,,,,,,,,,,,,,,
,,,,,,,,,,,,,,,,,,,,,,,,,,,,,,
,,,,,na√Øve.,,,,,,,,,,,,,,,,,,,,,,,,,
,,,,,most,,,,,,,,,,,,,,,,,,,,,,,,,
,,,,,Ukrainiens,,,,,,,,,,,,,,,,,,,,,,,,,
,,,,,on,,,,,,,,,,,,,,,,,,,,,,,,,
,,,,,VLADIMIR,,,,,,,,,,,,,,,,,,,,,,,,,
,,,,,YOU,,,,,,,,,,,,,,,,,,,,,,,,,
,,,,,#shortanswer,,,,,,,,,,,,,,,,,,,,,,,,,
,,,,,YOU,,,,,,,,,,,,,,,,,,,,,,,,,
,,,,,Little,,,,,,,,,,,,,,,,,,,,,,,,,
,,,,,UVAMIZI,,,,,,,,,,,,,,,,,,,,,,,,,
,,,,,YOU,,,,,,,,,,,,,,,,,,,,,,,,,
,,,,,YOU,,,,,,,,,,,,,,,,,,,,,,,,,
,,,,,YOU,,,,,,,,,,,,,,,,,,,,,,,,,
,,,,,YOU,,,,,,,,,,,,,,,,,,,,,,,,,
,,,,,are,,,,,,,,,,,,,,,,,,,,,,,,,
,,,,,YOU,,,,,,,,,,,,,,,,,,,,,,,,,
,,,,,in,,,,,,,,,,,,,,,,,,,,,,,,,
,,,,,YOU,,,,,,,,,,,,,,,,,,,,,,,,,
,,,,,too,,,,,,,,,,,,,,,,,,,,,,,,,
,,,,,Ukraine,,,,,,,,,,,,,,,,,,,,,,,,,
,,,,,YOU,,,,,,,,,,,,,,,,,,,,,,,,,
,,,,,You,,,,,,,,,,,,,,,,,,,,,,,,,
,,,,,YOU,,,,,,,,,,,,,,,,,,,,,,,,,
,,,,,hier,,,,,,,,,,,,,,,,,,,,,,,,,
,,,,,YOU,,,,,,,,,,,,,,,,,,,,,,,,,
,,,,,the,,,,,,,,,,,,,,,,,,,,,,,,,
,,,,,#RussoUkrainianWar,,,,,,,,,,,,,,,,,,,,,,,,,
,,,,,YOU,,,,,,,,,,,,,,,,,,,,,,,,,
,,,,,Ukraine,,,,,,,,,,,,,,,,,,,,,,,,,
,,,,,YOU,,,,,,,,,,,,,,,,,,,,,,,,,
,,,,,YOU,,,,,,,,,,,,,,,,,,,,,,,,,
,,,,,YOU,,,,,,,,,,,,,,,,,,,,,,,,,
,,,,,YOU,,,,,,,,,,,,,,,,,,,,,,,,,
,,,,,fed,,,,,,,,,,,,,,,,,,,,,,,,,
,,,,,YOU,,,,,,,,,,,,,,,,,,,,,,,,,
,,,,,dictator,,,,,,,,,,,,,,,,,,,,,,,,,
,,,,,,,,,,,,,,,,,,,,,,,,,,,,,,
,,,,,#ËèØË¶ñÊñ∞ËÅû,,,,,,,,,,,,,,,,,,,,,,,,,
,,,,,YOU,,,,,,,,,,,,,,,,,,,,,,,,,
,,,,,developed,,,,,,,,,,,,,,,,,,,,,,,,,
,,,,,YOU,,,,,,,,,,,,,,,,,,,,,,,,,
,,,,,YOU,,,,,,,,,,,,,,,,,,,,,,,,,
,,,,,YOU,,,,,,,,,,,,,,,,,,,,,,,,,
,,,,,YOU,,,,,,,,,,,,,,,,,,,,,,,,,
,,,,,YOU,,,,,,,,,,,,,,,,,,,,,,,,,
,,,,,YOU,,,,,,,,,,,,,,,,,,,,,,,,,
,,,,,YOU,,,,,,,,,,,,,,,,,,,,,,,,,
,,,,,@HawleyMO,,,,,,,,,,,,,,,,,,,,,,,,,
,,,,,YOU,,,,,,,,,,,,,,,,,,,,,,,,,
,,,,,YOU,,,,,,,,,,,,,,,,,,,,,,,,,
,,,,,270,,,,,,,,,,,,,,,,,,,,,,,,,
,,,,,YOU,,,,,,,,,,,,,,,,,,,,,,,,,
,,,,,‚ÄûRetroschlaumeierei‚Äúüëåüèº,,,,,,,,,,,,,,,,,,,,,,,,,
,,,,,reliance,,,,,,,,,,,,,,,,,,,,,,,,,
,,,,,YOU,,,,,,,,,,,,,,,,,,,,,,,,,
,,,,,tuu,,,,,,,,,,,,,,,,,,,,,,,,,
,,,,,YOU,,,,,,,,,,,,,,,,,,,,,,,,,
,,,,,YOU,,,,,,,,,,,,,,,,,,,,,,,,,
,,,,,https://t.co/K5DcoU1ByW,,,,,,,,,,,,,,,,,,,,,,,,,
,,,,,YOU,,,,,,,,,,,,,,,,,,,,,,,,,
,,,,,na,,,,,,,,,,,,,,,,,,,,,,,,,
,,,,,YOU,,,,,,,,,,,,,,,,,,,,,,,,,
,,,,,YOU,,,,,,,,,,,,,,,,,,,,,,,,,
,,,,,@jaweedkaleem,,,,,,,,,,,,,,,,,,,,,,,,,
,,,,,Give,,,,,,,,,,,,,,,,,,,,,,,,,
,,,,,the,,,,,,,,,,,,,,,,,,,,,,,,,
,,,,,encore,,,,,,,,,,,,,,,,,,,,,,,,,
,,,,,nejvƒõt≈°√≠,,,,,,,,,,,,,,,,,,,,,,,,,
,,,,,"park,",,,,,,,,,,,,,,,,,,,,,,,,,
,,,,,@sandibachom,,,,,,,,,,,,,,,,,,,,,,,,,
,,,,,ist,,,,,,,,,,,,,,,,,,,,,,,,,
,,,,,courageusement,,,,,,,,,,,,,,,,,,,,,,,,,
,,,,,people,,,,,,,,,,,,,,,,,,,,,,,,,
,,,,,curieux,,,,,,,,,,,,,,,,,,,,,,,,,
,,,,,,,,,,,,,,,,,,,,,,,,,,,,,,
,,,,,,,,,,,,,,,,,,,,,,,,,,,,,,
,,,,,Ukraine,,,,,,,,,,,,,,,,,,,,,,,,,
,,,,,orthodoxen,,,,,,,,,,,,,,,,,,,,,,,,,
,,,,,@VLeGallois,,,,,,,,,,,,,,,,,,,,,,,,,
,,,,,it,,,,,,,,,,,,,,,,,,,,,,,,,
,,,,,was,,,,,,,,,,,,,,,,,,,,,,,,,
,,,,,again,,,,,,,,,,,,,,,,,,,,,,,,,
,,,,,Hold,,,,,,,,,,,,,,,,,,,,,,,,,
,,,,,wieder,,,,,,,,,,,,,,,,,,,,,,,,,
,,,,,being,,,,,,,,,,,,,,,,,,,,,,,,,
,,,,,,,,,,,,,,,,,,,,,,,,,,,,,,
,,,,,be,,,,,,,,,,,,,,,,,,,,,,,,,
,,,,,know,,,,,,,,,,,,,,,,,,,,,,,,,
,,,,,any,,,,,,,,,,,,,,,,,,,,,,,,,
,,,,,,,,,,,,,,,,,,,,,,,,,,,,,,
,,,,,photo,,,,,,,,,,,,,,,,,,,,,,,,,
,,,,,Frankreichs,,,,,,,,,,,,,,,,,,,,,,,,,
,,,,,F√ºr,,,,,,,,,,,,,,,,,,,,,,,,,
,,,,,of,,,,,,,,,,,,,,,,,,,,,,,,,
,,,,,,,,,,,,,,,,,,,,,,,,,,,,,,
,,,,,auch,,,,,,,,,,,,,,,,,,,,,,,,,
,,,,,live,,,,,,,,,,,,,,,,,,,,,,,,,
,,,,,,,,,,,,,,,,,,,,,,,,,,,,,,
,,,,,que,,,,,,,,,,,,,,,,,,,,,,,,,
,,,,,and,,,,,,,,,,,,,,,,,,,,,,,,,
,,,,,der,,,,,,,,,,,,,,,,,,,,,,,,,
,,,,,civils,,,,,,,,,,,,,,,,,,,,,,,,,
,,,,,ready,,,,,,,,,,,,,,,,,,,,,,,,,
,,,,,,,,,,,,,,,,,,,,,,,,,,,,,,
,,,,,Commitment,,,,,,,,,,,,,,,,,,,,,,,,,
,,,,,welcher,,,,,,,,,,,,,,,,,,,,,,,,,
,,,,,@rashidkhan_19,,,,,,,,,,,,,,,,,,,,,,,,,
,,,,,‚Ä¶,,,,,,,,,,,,,,,,,,,,,,,,,
,,,,,en,,,,,,,,,,,,,,,,,,,,,,,,,
,,,,,,,,,,,,,,,,,,,,,,,,,,,,,,
,,,,,Poland,,,,,,,,,,,,,,,,,,,,,,,,,
,,,,,#Russia,,,,,,,,,,,,,,,,,,,,,,,,,
,,,,,the,,,,,,,,,,,,,,,,,,,,,,,,,
,,,,,is,,,,,,,,,,,,,,,,,,,,,,,,,
,,,,,Poland,,,,,,,,,,,,,,,,,,,,,,,,,
,,,,,,,,,,,,,,,,,,,,,,,,,,,,,,
,,,,,Falsch,,,,,,,,,,,,,,,,,,,,,,,,,
,,,,,Sch√§me,,,,,,,,,,,,,,,,,,,,,,,,,
,,,,,Ukraine,,,,,,,,,,,,,,,,,,,,,,,,,
,,,,,am,,,,,,,,,,,,,,,,,,,,,,,,,
,,,,,podajƒÖc,,,,,,,,,,,,,,,,,,,,,,,,,
,,,,,#Ukraine,,,,,,,,,,,,,,,,,,,,,,,,,
,,,,,UA,,,,,,,,,,,,,,,,,,,,,,,,,
,,,,,stop,,,,,,,,,,,,,,,,,,,,,,,,,
,,,,,"2022,",,,,,,,,,,,,,,,,,,,,,,,,,
,,,,,,,,,,,,,,,,,,,,,,,,,,,,,,
,,,,,wurden,,,,,,,,,,,,,,,,,,,,,,,,,
,,,,,erscheinen,,,,,,,,,,,,,,,,,,,,,,,,,
,,,,,",",,,,,,,,,,,,,,,,,,,,,,,,,
,,,,,off,,,,,,,,,,,,,,,,,,,,,,,,,
,,,,,fallen,,,,,,,,,,,,,,,,,,,,,,,,,
,,,,,Lille.,,,,,,,,,,,,,,,,,,,,,,,,,
,,,,,:,,,,,,,,,,,,,,,,,,,,,,,,,
,,,,,for,,,,,,,,,,,,,,,,,,,,,,,,,
,,,,,now,,,,,,,,,,,,,,,,,,,,,,,,,
,,,,,wars,,,,,,,,,,,,,,,,,,,,,,,,,
,,,,,to,,,,,,,,,,,,,,,,,,,,,,,,,
,,,,,,,,,,,,,,,,,,,,,,,,,,,,,,
,,,,,,,,,,,,,,,,,,,,,,,,,,,,,,
,,,,,main,,,,,,,,,,,,,,,,,,,,,,,,,
,,,,,,,,,,,,,,,,,,,,,,,,,,,,,,
,,,,,shut,,,,,,,,,,,,,,,,,,,,,,,,,
,,,,,bei,,,,,,,,,,,,,,,,,,,,,,,,,
,,,,,@navalny,,,,,,,,,,,,,,,,,,,,,,,,,
,,,,,https://t.co/W8oRUPRLab,,,,,,,,,,,,,,,,,,,,,,,,,
,,,,,Unrecht,,,,,,,,,,,,,,,,,,,,,,,,,
,,,,,,,,,,,,,,,,,,,,,,,,,,,,,,
,,,,,,,,,,,,,,,,,,,,,,,,,,,,,,
,,,,,the,,,,,,,,,,,,,,,,,,,,,,,,,
,,,,,en,,,,,,,,,,,,,,,,,,,,,,,,,
,,,,,YOU,,,,,,,,,,,,,,,,,,,,,,,,,
,,,,,,,,,,,,,,,,,,,,,,,,,,,,,,
,,,,,YOU,,,,,,,,,,,,,,,,,,,,,,,,,
,,,,,wir,,,,,,,,,,,,,,,,,,,,,,,,,
,,,,,YOU,,,,,,,,,,,,,,,,,,,,,,,,,
,,,,,YOU,,,,,,,,,,,,,,,,,,,,,,,,,
,,,,,on,,,,,,,,,,,,,,,,,,,,,,,,,
,,,,,YOU,,,,,,,,,,,,,,,,,,,,,,,,,
,,,,,der,,,,,,,,,,,,,,,,,,,,,,,,,
,,,,,the,,,,,,,,,,,,,,,,,,,,,,,,,
,,,,,drones,,,,,,,,,,,,,,,,,,,,,,,,,
,,,,,CANNOT,,,,,,,,,,,,,,,,,,,,,,,,,
,,,,,,,,,,,,,,,,,,,,,,,,,,,,,,
,,,,,NATO,,,,,,,,,,,,,,,,,,,,,,,,,
,,,,,,,,,,,,,,,,,,,,,,,,,,,,,,
,,,,,war,,,,,,,,,,,,,,,,,,,,,,,,,
,,,,,#UkraineRussiaWar,,,,,,,,,,,,,,,,,,,,,,,,,
,,,,,,,,,,,,,,,,,,,,,,,,,,,,,,
,,,,,parts,,,,,,,,,,,,,,,,,,,,,,,,,
,,,,,Russian,,,,,,,,,,,,,,,,,,,,,,,,,
,,,,,"touche,",,,,,,,,,,,,,,,,,,,,,,,,,
,,,,,#StopPutin,,,,,,,,,,,,,,,,,,,,,,,,,
,,,,,WEAPONS,,,,,,,,,,,,,,,,,,,,,,,,,
,,,,,NUCLEAR,,,,,,,,,,,,,,,,,,,,,,,,,
,,,,,schlie√üt,,,,,,,,,,,,,,,,,,,,,,,,,
,,,,,NUCLEAR,,,,,,,,,,,,,,,,,,,,,,,,,
,,,,,but,,,,,,,,,,,,,,,,,,,,,,,,,
,,,,,BILIONI,,,,,,,,,,,,,,,,,,,,,,,,,
,,,,,NUCLEAR,,,,,,,,,,,,,,,,,,,,,,,,,
,,,,,NUCLEAR,,,,,,,,,,,,,,,,,,,,,,,,,
,,,,,NUCLEAR,,,,,,,,,,,,,,,,,,,,,,,,,
,,,,,NUCLEAR,,,,,,,,,,,,,,,,,,,,,,,,,
,,,,,,,,,,,,,,,,,,,,,,,,,,,,,,
,,,,,NUCLEAR,,,,,,,,,,,,,,,,,,,,,,,,,
,,,,,it's,,,,,,,,,,,,,,,,,,,,,,,,,
,,,,,NUCLEAR,,,,,,,,,,,,,,,,,,,,,,,,,
,,,,,it,,,,,,,,,,,,,,,,,,,,,,,,,
,,,,,too,,,,,,,,,,,,,,,,,,,,,,,,,
,,,,,NUCLEAR,,,,,,,,,,,,,,,,,,,,,,,,,
,,,,,And,,,,,,,,,,,,,,,,,,,,,,,,,
,,,,,NUCLEAR,,,,,,,,,,,,,,,,,,,,,,,,,
,,,,,Scholz,,,,,,,,,,,,,,,,,,,,,,,,,
,,,,,NUCLEAR,,,,,,,,,,,,,,,,,,,,,,,,,
,,,,,who,,,,,,,,,,,,,,,,,,,,,,,,,
,,,,,,,,,,,,,,,,,,,,,,,,,,,,,,
,,,,,NUCLEAR,,,,,,,,,,,,,,,,,,,,,,,,,
,,,,,,,,,,,,,,,,,,,,,,,,,,,,,,
,,,,,NUCLEAR,,,,,,,,,,,,,,,,,,,,,,,,,
,,,,,NUCLEAR,,,,,,,,,,,,,,,,,,,,,,,,,
,,,,,NUCLEAR,,,,,,,,,,,,,,,,,,,,,,,,,
,,,,,NUCLEAR,,,,,,,,,,,,,,,,,,,,,,,,,
,,,,,did,,,,,,,,,,,,,,,,,,,,,,,,,
,,,,,NUCLEAR,,,,,,,,,,,,,,,,,,,,,,,,,
,,,,,million,,,,,,,,,,,,,,,,,,,,,,,,,
,,,,,,,,,,,,,,,,,,,,,,,,,,,,,,
,,,,,#È¶¨Á´ãÊ≥¢,,,,,,,,,,,,,,,,,,,,,,,,,
,,,,,NUCLEAR,,,,,,,,,,,,,,,,,,,,,,,,,
,,,,,sent,,,,,,,,,,,,,,,,,,,,,,,,,
,,,,,NUCLEAR,,,,,,,,,,,,,,,,,,,,,,,,,
,,,,,NUCLEAR,,,,,,,,,,,,,,,,,,,,,,,,,
,,,,,NUCLEAR,,,,,,,,,,,,,,,,,,,,,,,,,
,,,,,NUCLEAR,,,,,,,,,,,,,,,,,,,,,,,,,
,,,,,NUCLEAR,,,,,,,,,,,,,,,,,,,,,,,,,
,,,,,NUCLEAR,,,,,,,,,,,,,,,,,,,,,,,,,
,,,,,NUCLEAR,,,,,,,,,,,,,,,,,,,,,,,,,
,,,,,,,,,,,,,,,,,,,,,,,,,,,,,,
,,,,,NUCLEAR,,,,,,,,,,,,,,,,,,,,,,,,,
,,,,,NUCLEAR,,,,,,,,,,,,,,,,,,,,,,,,,
,,,,,die,,,,,,,,,,,,,,,,,,,,,,,,,
,,,,,NUCLEAR,,,,,,,,,,,,,,,,,,,,,,,,,
,,,,,,,,,,,,,,,,,,,,,,,,,,,,,,
,,,,,help,,,,,,,,,,,,,,,,,,,,,,,,,
,,,,,NUCLEAR,,,,,,,,,,,,,,,,,,,,,,,,,
,,,,,,,,,,,,,,,,,,,,,,,,,,,,,,
,,,,,NUCLEAR,,,,,,,,,,,,,,,,,,,,,,,,,
,,,,,NUCLEAR,,,,,,,,,,,,,,,,,,,,,,,,,
,,,,,,,,,,,,,,,,,,,,,,,,,,,,,,
,,,,,NUCLEAR,,,,,,,,,,,,,,,,,,,,,,,,,
,,,,,also,,,,,,,,,,,,,,,,,,,,,,,,,
,,,,,NUCLEAR,,,,,,,,,,,,,,,,,,,,,,,,,
,,,,,NUCLEAR,,,,,,,,,,,,,,,,,,,,,,,,,
,,,,,,,,,,,,,,,,,,,,,,,,,,,,,,
,,,,,support,,,,,,,,,,,,,,,,,,,,,,,,,
,,,,,exist,,,,,,,,,,,,,,,,,,,,,,,,,
,,,,,,,,,,,,,,,,,,,,,,,,,,,,,,
,,,,,40,,,,,,,,,,,,,,,,,,,,,,,,,
,,,,,his,,,,,,,,,,,,,,,,,,,,,,,,,
,,,,,proven,,,,,,,,,,,,,,,,,,,,,,,,,
,,,,,Arschloch,,,,,,,,,,,,,,,,,,,,,,,,,
,,,,,le,,,,,,,,,,,,,,,,,,,,,,,,,
,,,,,Angeles,,,,,,,,,,,,,,,,,,,,,,,,,
,,,,,bisous,,,,,,,,,,,,,,,,,,,,,,,,,
,,,,,,,,,,,,,,,,,,,,,,,,,,,,,,
,,,,,,,,,,,,,,,,,,,,,,,,,,,,,,
,,,,,any,,,,,,,,,,,,,,,,,,,,,,,,,
,,,,,der,,,,,,,,,,,,,,,,,,,,,,,,,
,,,,,,,,,,,,,,,,,,,,,,,,,,,,,,
,,,,,amount,,,,,,,,,,,,,,,,,,,,,,,,,
,,,,,out,,,,,,,,,,,,,,,,,,,,,,,,,
,,,,,,,,,,,,,,,,,,,,,,,,,,,,,,
,,,,,,,,,,,,,,,,,,,,,,,,,,,,,,
,,,,,erdogahn,,,,,,,,,,,,,,,,,,,,,,,,,
,,,,,-,,,,,,,,,,,,,,,,,,,,,,,,,
,,,,,,,,,,,,,,,,,,,,,,,,,,,,,,
,,,,,him,,,,,,,,,,,,,,,,,,,,,,,,,
,,,,,much,,,,,,,,,,,,,,,,,,,,,,,,,
,,,,,,,,,,,,,,,,,,,,,,,,,,,,,,
,,,,,,,,,,,,,,,,,,,,,,,,,,,,,,
,,,,,,,,,,,,,,,,,,,,,,,,,,,,,,
,,,,,,,,,,,,,,,,,,,,,,,,,,,,,,
,,,,,Die,,,,,,,,,,,,,,,,,,,,,,,,,
,,,,,are,,,,,,,,,,,,,,,,,,,,,,,,,
,,,,,,,,,,,,,,,,,,,,,,,,,,,,,,
,,,,,Ukraine,,,,,,,,,,,,,,,,,,,,,,,,,
,,,,,,,,,,,,,,,,,,,,,,,,,,,,,,
,,,,,,,,,,,,,,,,,,,,,,,,,,,,,,
,,,,,en,,,,,,,,,,,,,,,,,,,,,,,,,
,,,,,&amp;you,,,,,,,,,,,,,,,,,,,,,,,,,
,,,,,,,,,,,,,,,,,,,,,,,,,,,,,,
,,,,,la,,,,,,,,,,,,,,,,,,,,,,,,,
,,,,,"Ukraine,",,,,,,,,,,,,,,,,,,,,,,,,,
,,,,,,,,,,,,,,,,,,,,,,,,,,,,,,
,,,,,https://t.co/suwfZxvKaUPutin,,,,,,,,,,,,,,,,,,,,,,,,,
,,,,,"wirklich,",,,,,,,,,,,,,,,,,,,,,,,,,
,,,,,Army...,,,,,,,,,,,,,,,,,,,,,,,,,
,,,,,US,,,,,,,,,,,,,,,,,,,,,,,,,
,,,,,c√®de,,,,,,,,,,,,,,,,,,,,,,,,,
,,,,,,,,,,,,,,,,,,,,,,,,,,,,,,
,,,,,,,,,,,,,,,,,,,,,,,,,,,,,,
,,,,,,,,,,,,,,,,,,,,,,,,,,,,,,
,,,,,Josep,,,,,,,,,,,,,,,,,,,,,,,,,
,,,,,military.,,,,,,,,,,,,,,,,,,,,,,,,,
,,,,,We,,,,,,,,,,,,,,,,,,,,,,,,,
,,,,,,,,,,,,,,,,,,,,,,,,,,,,,,
,,,,,der,,,,,,,,,,,,,,,,,,,,,,,,,
,,,,,Wir,,,,,,,,,,,,,,,,,,,,,,,,,
,,,,,h√∂chstens,,,,,,,,,,,,,,,,,,,,,,,,,
,,,,,we,,,,,,,,,,,,,,,,,,,,,,,,,
,,,,,,,,,,,,,,,,,,,,,,,,,,,,,,
,,,,,Murder,,,,,,,,,,,,,,,,,,,,,,,,,
,,,,,tanks,,,,,,,,,,,,,,,,,,,,,,,,,
,,,,,weapons,,,,,,,,,,,,,,,,,,,,,,,,,
,,,,,#trident,,,,,,,,,,,,,,,,,,,,,,,,,
,,,,,,,,,,,,,,,,,,,,,,,,,,,,,,
,,,,,Kinder,,,,,,,,,,,,,,,,,,,,,,,,,
,,,,,,,,,,,,,,,,,,,,,,,,,,,,,,
,,,,,so,,,,,,,,,,,,,,,,,,,,,,,,,
,,,,,her,,,,,,,,,,,,,,,,,,,,,,,,,
,,,,,to,,,,,,,,,,,,,,,,,,,,,,,,,
,,,,,#igerslille,,,,,,,,,,,,,,,,,,,,,,,,,
,,,,,yeux,,,,,,,,,,,,,,,,,,,,,,,,,
,,,,,#USA,,,,,,,,,,,,,,,,,,,,,,,,,
,,,,,@JoeBiden,,,,,,,,,,,,,,,,,,,,,,,,,
,,,,,sending,,,,,,,,,,,,,,,,,,,,,,,,,
,,,,,Ukraine,,,,,,,,,,,,,,,,,,,,,,,,,
,,,,,,,,,,,,,,,,,,,,,,,,,,,,,,
,,,,,,,,,,,,,,,,,,,,,,,,,,,,,,
,,,,,dollars,,,,,,,,,,,,,,,,,,,,,,,,,
,,,,,,,,,,,,,,,,,,,,,,,,,,,,,,
,,,,,in,,,,,,,,,,,,,,,,,,,,,,,,,
,,,,,,,,,,,,,,,,,,,,,,,,,,,,,,
,,,,,jede,,,,,,,,,,,,,,,,,,,,,,,,,
,,,,,,,,,,,,,,,,,,,,,,,,,,,,,,
,,,,,es,,,,,,,,,,,,,,,,,,,,,,,,,
,,,,,,,,,,,,,,,,,,,,,,,,,,,,,,
,,,,,,,,,,,,,,,,,,,,,,,,,,,,,,
,,,,,,,,,,,,,,,,,,,,,,,,,,,,,,
,,,,,l‚Äôest,,,,,,,,,,,,,,,,,,,,,,,,,
,,,,,NUCLEAR,,,,,,,,,,,,,,,,,,,,,,,,,
,,,,,,,,,,,,,,,,,,,,,,,,,,,,,,
,,,,,NUCLEAR,,,,,,,,,,,,,,,,,,,,,,,,,
,,,,,die,,,,,,,,,,,,,,,,,,,,,,,,,
,,,,,NUCLEAR,,,,,,,,,,,,,,,,,,,,,,,,,
,,,,,NUCLEAR,,,,,,,,,,,,,,,,,,,,,,,,,
,,,,,2022,,,,,,,,,,,,,,,,,,,,,,,,,
,,,,,NUCLEAR,,,,,,,,,,,,,,,,,,,,,,,,,
